patch_num,patch_size,patch_id,patch_index,patch_location_x,patch_location_y,global_habitat_num,habitat_id,habitat_index,habitat_x_location,habitat_y_location,env_axis1,env_axis2,hab_length,hab_width
64,16,patch1,0,2.0,2.0,1024,h0,0,1,1,0.814145688030523,0.235067021586382,10,10
64,16,patch1,0,2.0,2.0,1024,h1,1,1,2,0.7536174089248243,0.2096470456972762,10,10
64,16,patch1,0,2.0,2.0,1024,h2,2,1,3,0.6751433727853817,0.197685729437552,10,10
64,16,patch1,0,2.0,2.0,1024,h3,3,1,4,0.6251418781091894,0.1949326535234913,10,10
64,16,patch1,0,2.0,2.0,1024,h4,4,2,1,0.7230394245968047,0.2056506767296398,10,10
64,16,patch1,0,2.0,2.0,1024,h5,5,2,2,0.7290456938447454,0.2444621671853333,10,10
64,16,patch1,0,2.0,2.0,1024,h6,6,2,3,0.6403148163068717,0.2377160747592779,10,10
64,16,patch1,0,2.0,2.0,1024,h7,7,2,4,0.5781775914089775,0.2020784426213355,10,10
64,16,patch1,0,2.0,2.0,1024,h8,8,3,1,0.6846821562093666,0.2114174127016578,10,10
64,16,patch1,0,2.0,2.0,1024,h9,9,3,2,0.6897097575110039,0.2671865277310811,10,10
64,16,patch1,0,2.0,2.0,1024,h10,10,3,3,0.703922911079839,0.247652521222115,10,10
64,16,patch1,0,2.0,2.0,1024,h11,11,3,4,0.6102355706187558,0.2139277906689733,10,10
64,16,patch1,0,2.0,2.0,1024,h12,12,4,1,0.7424986448235104,0.1952000870989476,10,10
64,16,patch1,0,2.0,2.0,1024,h13,13,4,2,0.6570118226352241,0.2178926468763441,10,10
64,16,patch1,0,2.0,2.0,1024,h14,14,4,3,0.6647099485675583,0.2083327880736015,10,10
64,16,patch1,0,2.0,2.0,1024,h15,15,4,4,0.6858481729209178,0.1993044431978617,10,10
64,16,patch2,1,2.0,6.0,1024,h0,0,1,5,0.5427220075240536,0.240584451284634,10,10
64,16,patch2,1,2.0,6.0,1024,h1,1,1,6,0.5569867151784262,0.2026635713912476,10,10
64,16,patch2,1,2.0,6.0,1024,h2,2,1,7,0.5894680926462702,0.1995863667194809,10,10
64,16,patch2,1,2.0,6.0,1024,h3,3,1,8,0.5209793990082293,0.2127097963244041,10,10
64,16,patch2,1,2.0,6.0,1024,h4,4,2,5,0.5740213578439355,0.2186822291776939,10,10
64,16,patch2,1,2.0,6.0,1024,h5,5,2,6,0.5740903988272966,0.1763433218198949,10,10
64,16,patch2,1,2.0,6.0,1024,h6,6,2,7,0.5377166805137139,0.1595984276790629,10,10
64,16,patch2,1,2.0,6.0,1024,h7,7,2,8,0.4858663716935829,0.1596137703474706,10,10
64,16,patch2,1,2.0,6.0,1024,h8,8,3,5,0.6386760308246406,0.2047461862966501,10,10
64,16,patch2,1,2.0,6.0,1024,h9,9,3,6,0.6405507495195117,0.2381199832495934,10,10
64,16,patch2,1,2.0,6.0,1024,h10,10,3,7,0.5775200550689673,0.1881529518849848,10,10
64,16,patch2,1,2.0,6.0,1024,h11,11,3,8,0.4584001057612922,0.1782291448783653,10,10
64,16,patch2,1,2.0,6.0,1024,h12,12,4,5,0.6809846534012222,0.1879210690285326,10,10
64,16,patch2,1,2.0,6.0,1024,h13,13,4,6,0.6661247269453876,0.2061618929985641,10,10
64,16,patch2,1,2.0,6.0,1024,h14,14,4,7,0.6400954484596116,0.1363158476549634,10,10
64,16,patch2,1,2.0,6.0,1024,h15,15,4,8,0.4989337544047977,0.1532680827619712,10,10
64,16,patch3,2,2.0,10.0,1024,h0,0,1,9,0.4790094681463539,0.2444544233636439,10,10
64,16,patch3,2,2.0,10.0,1024,h1,1,1,10,0.4259574976913789,0.2086441803044181,10,10
64,16,patch3,2,2.0,10.0,1024,h2,2,1,11,0.3695980783057421,0.2303568527153481,10,10
64,16,patch3,2,2.0,10.0,1024,h3,3,1,12,0.4090565216248085,0.254856567314239,10,10
64,16,patch3,2,2.0,10.0,1024,h4,4,2,9,0.4711646425653286,0.2189148372664406,10,10
64,16,patch3,2,2.0,10.0,1024,h5,5,2,10,0.3505914016667394,0.169283933600151,10,10
64,16,patch3,2,2.0,10.0,1024,h6,6,2,11,0.3356732464829653,0.1908647751828786,10,10
64,16,patch3,2,2.0,10.0,1024,h7,7,2,12,0.4296178775947611,0.1965630497673998,10,10
64,16,patch3,2,2.0,10.0,1024,h8,8,3,9,0.4604961833746022,0.1896638882886675,10,10
64,16,patch3,2,2.0,10.0,1024,h9,9,3,10,0.4022765025490391,0.1981692583858568,10,10
64,16,patch3,2,2.0,10.0,1024,h10,10,3,11,0.346371393719616,0.2111581183971208,10,10
64,16,patch3,2,2.0,10.0,1024,h11,11,3,12,0.456814157552338,0.252932164142125,10,10
64,16,patch3,2,2.0,10.0,1024,h12,12,4,9,0.4104716390431058,0.1760022866622662,10,10
64,16,patch3,2,2.0,10.0,1024,h13,13,4,10,0.3956831812751472,0.2191066983252006,10,10
64,16,patch3,2,2.0,10.0,1024,h14,14,4,11,0.3382045839519686,0.2149993054433155,10,10
64,16,patch3,2,2.0,10.0,1024,h15,15,4,12,0.374675012622099,0.2676937236411943,10,10
64,16,patch4,3,2.0,14.0,1024,h0,0,1,13,0.381805300147835,0.2188087710661707,10,10
64,16,patch4,3,2.0,14.0,1024,h1,1,1,14,0.4810926044710262,0.2066172282984192,10,10
64,16,patch4,3,2.0,14.0,1024,h2,2,1,15,0.4574885491276148,0.2465935822782342,10,10
64,16,patch4,3,2.0,14.0,1024,h3,3,1,16,0.3884322754377872,0.2490452737805044,10,10
64,16,patch4,3,2.0,14.0,1024,h4,4,2,13,0.3606261664337602,0.2278762207341496,10,10
64,16,patch4,3,2.0,14.0,1024,h5,5,2,14,0.3981488597438346,0.1903181345594514,10,10
64,16,patch4,3,2.0,14.0,1024,h6,6,2,15,0.434415036977928,0.2291345482343875,10,10
64,16,patch4,3,2.0,14.0,1024,h7,7,2,16,0.3300252559370276,0.2338594688516799,10,10
64,16,patch4,3,2.0,14.0,1024,h8,8,3,13,0.4168378618222971,0.2368331915451517,10,10
64,16,patch4,3,2.0,14.0,1024,h9,9,3,14,0.3973557970652385,0.2093282742806483,10,10
64,16,patch4,3,2.0,14.0,1024,h10,10,3,15,0.3947902091323273,0.2409148005569048,10,10
64,16,patch4,3,2.0,14.0,1024,h11,11,3,16,0.3461577466649069,0.2701433941016345,10,10
64,16,patch4,3,2.0,14.0,1024,h12,12,4,13,0.3804782603618888,0.2230656265772689,10,10
64,16,patch4,3,2.0,14.0,1024,h13,13,4,14,0.3917530840925664,0.2012252180156943,10,10
64,16,patch4,3,2.0,14.0,1024,h14,14,4,15,0.4093642557728726,0.2245099219787363,10,10
64,16,patch4,3,2.0,14.0,1024,h15,15,4,16,0.3516956414301927,0.2384932629998973,10,10
64,16,patch5,4,2.0,18.0,1024,h0,0,1,17,0.4201493007777536,0.2280760751401869,10,10
64,16,patch5,4,2.0,18.0,1024,h1,1,1,18,0.2747889488717953,0.2602996640148874,10,10
64,16,patch5,4,2.0,18.0,1024,h2,2,1,19,0.2611993242530938,0.2385816960187,10,10
64,16,patch5,4,2.0,18.0,1024,h3,3,1,20,0.2215774575881253,0.2320398466336012,10,10
64,16,patch5,4,2.0,18.0,1024,h4,4,2,17,0.3319483463865378,0.2493726145859587,10,10
64,16,patch5,4,2.0,18.0,1024,h5,5,2,18,0.3429406718754388,0.2427960087188083,10,10
64,16,patch5,4,2.0,18.0,1024,h6,6,2,19,0.2895336710052371,0.2480770605028751,10,10
64,16,patch5,4,2.0,18.0,1024,h7,7,2,20,0.2655583111200786,0.2427272411408281,10,10
64,16,patch5,4,2.0,18.0,1024,h8,8,3,17,0.3292390534495067,0.2752341842599044,10,10
64,16,patch5,4,2.0,18.0,1024,h9,9,3,18,0.3369771982596856,0.2788764935501554,10,10
64,16,patch5,4,2.0,18.0,1024,h10,10,3,19,0.3537060254088956,0.2710713556653071,10,10
64,16,patch5,4,2.0,18.0,1024,h11,11,3,20,0.3319098950361721,0.2052061108537475,10,10
64,16,patch5,4,2.0,18.0,1024,h12,12,4,17,0.3636535587824668,0.2125313761630542,10,10
64,16,patch5,4,2.0,18.0,1024,h13,13,4,18,0.4221035022986613,0.2275981061096527,10,10
64,16,patch5,4,2.0,18.0,1024,h14,14,4,19,0.3062447493107999,0.251999510724178,10,10
64,16,patch5,4,2.0,18.0,1024,h15,15,4,20,0.3740284748224876,0.2236502115130075,10,10
64,16,patch6,5,2.0,22.0,1024,h0,0,1,21,0.2818921036825532,0.3041310623095332,10,10
64,16,patch6,5,2.0,22.0,1024,h1,1,1,22,0.2547800268106551,0.3840301434494615,10,10
64,16,patch6,5,2.0,22.0,1024,h2,2,1,23,0.325626856190038,0.432421137675857,10,10
64,16,patch6,5,2.0,22.0,1024,h3,3,1,24,0.3181053787347102,0.4999085702104068,10,10
64,16,patch6,5,2.0,22.0,1024,h4,4,2,21,0.3027229020049927,0.2960673255304838,10,10
64,16,patch6,5,2.0,22.0,1024,h5,5,2,22,0.2834293072027374,0.3829772272719024,10,10
64,16,patch6,5,2.0,22.0,1024,h6,6,2,23,0.2414626066759493,0.4024783678388458,10,10
64,16,patch6,5,2.0,22.0,1024,h7,7,2,24,0.2852297675772586,0.4519793512703426,10,10
64,16,patch6,5,2.0,22.0,1024,h8,8,3,21,0.2581281524398914,0.2790779409841407,10,10
64,16,patch6,5,2.0,22.0,1024,h9,9,3,22,0.2986509294895113,0.3244231713056741,10,10
64,16,patch6,5,2.0,22.0,1024,h10,10,3,23,0.2715651854737284,0.3454913375006437,10,10
64,16,patch6,5,2.0,22.0,1024,h11,11,3,24,0.2060987871717847,0.3700814803859159,10,10
64,16,patch6,5,2.0,22.0,1024,h12,12,4,21,0.3284518113890143,0.2645265254904251,10,10
64,16,patch6,5,2.0,22.0,1024,h13,13,4,22,0.2478509144771104,0.3339756653850159,10,10
64,16,patch6,5,2.0,22.0,1024,h14,14,4,23,0.3305256284460408,0.3776319596606873,10,10
64,16,patch6,5,2.0,22.0,1024,h15,15,4,24,0.2799126625733799,0.3885265057379006,10,10
64,16,patch7,6,2.0,26.0,1024,h0,0,1,25,0.2487319517283145,0.5232519245313721,10,10
64,16,patch7,6,2.0,26.0,1024,h1,1,1,26,0.2161892487425279,0.5233572504763784,10,10
64,16,patch7,6,2.0,26.0,1024,h2,2,1,27,0.2231191831164158,0.5295897460884621,10,10
64,16,patch7,6,2.0,26.0,1024,h3,3,1,28,0.1730328397353256,0.6150339380187821,10,10
64,16,patch7,6,2.0,26.0,1024,h4,4,2,25,0.2912088540611328,0.4856209053299311,10,10
64,16,patch7,6,2.0,26.0,1024,h5,5,2,26,0.2112133664736885,0.4527701697078919,10,10
64,16,patch7,6,2.0,26.0,1024,h6,6,2,27,0.2360740711461719,0.4764516852990466,10,10
64,16,patch7,6,2.0,26.0,1024,h7,7,2,28,0.2383773490783799,0.5655656982231028,10,10
64,16,patch7,6,2.0,26.0,1024,h8,8,3,25,0.2886088586253623,0.4410824089814843,10,10
64,16,patch7,6,2.0,26.0,1024,h9,9,3,26,0.2593135674252707,0.4344623306151302,10,10
64,16,patch7,6,2.0,26.0,1024,h10,10,3,27,0.2089160335940336,0.4884297001747518,10,10
64,16,patch7,6,2.0,26.0,1024,h11,11,3,28,0.1995997637856414,0.5873834049908104,10,10
64,16,patch7,6,2.0,26.0,1024,h12,12,4,25,0.2982393619829515,0.4336603617446056,10,10
64,16,patch7,6,2.0,26.0,1024,h13,13,4,26,0.3297159359188288,0.4643347120338933,10,10
64,16,patch7,6,2.0,26.0,1024,h14,14,4,27,0.3131009893353604,0.5106607485647356,10,10
64,16,patch7,6,2.0,26.0,1024,h15,15,4,28,0.2013170475696197,0.5648250695471758,10,10
64,16,patch8,7,2.0,30.0,1024,h0,0,1,29,0.1799168069582286,0.5873183868261604,10,10
64,16,patch8,7,2.0,30.0,1024,h1,1,1,30,0.2743527293400853,0.6014858644345404,10,10
64,16,patch8,7,2.0,30.0,1024,h2,2,1,31,0.1780514142115682,0.6356952555123244,10,10
64,16,patch8,7,2.0,30.0,1024,h3,3,1,32,0.2588131956103328,0.6493343722541149,10,10
64,16,patch8,7,2.0,30.0,1024,h4,4,2,29,0.1118029940548558,0.605399795316451,10,10
64,16,patch8,7,2.0,30.0,1024,h5,5,2,30,0.2032619334980388,0.6096539772362661,10,10
64,16,patch8,7,2.0,30.0,1024,h6,6,2,31,0.190637611346491,0.6568986263692712,10,10
64,16,patch8,7,2.0,30.0,1024,h7,7,2,32,0.2225639441361452,0.7016774311660442,10,10
64,16,patch8,7,2.0,30.0,1024,h8,8,3,29,0.1094741310585596,0.6637639375332435,10,10
64,16,patch8,7,2.0,30.0,1024,h9,9,3,30,0.1,0.6377151443433584,10,10
64,16,patch8,7,2.0,30.0,1024,h10,10,3,31,0.1202461521928268,0.6738293248404655,10,10
64,16,patch8,7,2.0,30.0,1024,h11,11,3,32,0.1943894310479035,0.7062711578324049,10,10
64,16,patch8,7,2.0,30.0,1024,h12,12,4,29,0.1789437374711482,0.6395030078936442,10,10
64,16,patch8,7,2.0,30.0,1024,h13,13,4,30,0.1938217987717481,0.6435441471869869,10,10
64,16,patch8,7,2.0,30.0,1024,h14,14,4,31,0.1287792038714241,0.7096268578845047,10,10
64,16,patch8,7,2.0,30.0,1024,h15,15,4,32,0.2152448484193624,0.7293268095257226,10,10
64,16,patch9,8,6.0,2.0,1024,h0,0,5,1,0.8155936094249665,0.2773366044964468,10,10
64,16,patch9,8,6.0,2.0,1024,h1,1,5,2,0.7694104319890642,0.2493852300877136,10,10
64,16,patch9,8,6.0,2.0,1024,h2,2,5,3,0.704923111516042,0.2689960480227594,10,10
64,16,patch9,8,6.0,2.0,1024,h3,3,5,4,0.6594756882147175,0.2194949626263694,10,10
64,16,patch9,8,6.0,2.0,1024,h4,4,6,1,0.8326638485976493,0.3422253857043573,10,10
64,16,patch9,8,6.0,2.0,1024,h5,5,6,2,0.7423586912858302,0.3246545180194612,10,10
64,16,patch9,8,6.0,2.0,1024,h6,6,6,3,0.777779312072799,0.3410310484378938,10,10
64,16,patch9,8,6.0,2.0,1024,h7,7,6,4,0.6754496536291745,0.2708215087184471,10,10
64,16,patch9,8,6.0,2.0,1024,h8,8,7,1,0.8337179756130156,0.3680775079847478,10,10
64,16,patch9,8,6.0,2.0,1024,h9,9,7,2,0.6942779833149901,0.4057292676295264,10,10
64,16,patch9,8,6.0,2.0,1024,h10,10,7,3,0.7713585745754776,0.4162578970004444,10,10
64,16,patch9,8,6.0,2.0,1024,h11,11,7,4,0.7556384278056097,0.3676572021802412,10,10
64,16,patch9,8,6.0,2.0,1024,h12,12,8,1,0.7458909630597647,0.4154062899972333,10,10
64,16,patch9,8,6.0,2.0,1024,h13,13,8,2,0.7255018425647792,0.4286822063943538,10,10
64,16,patch9,8,6.0,2.0,1024,h14,14,8,3,0.7110710847342663,0.4414725546484498,10,10
64,16,patch9,8,6.0,2.0,1024,h15,15,8,4,0.7524643907166368,0.444941750324675,10,10
64,16,patch10,9,6.0,6.0,1024,h0,0,5,5,0.7127334138979944,0.2168529353602047,10,10
64,16,patch10,9,6.0,6.0,1024,h1,1,5,6,0.6899889299317612,0.2124009799910364,10,10
64,16,patch10,9,6.0,6.0,1024,h2,2,5,7,0.6649338991083064,0.1800158402900503,10,10
64,16,patch10,9,6.0,6.0,1024,h3,3,5,8,0.5827575908159535,0.1953302412406853,10,10
64,16,patch10,9,6.0,6.0,1024,h4,4,6,5,0.739806893409978,0.2884636540862932,10,10
64,16,patch10,9,6.0,6.0,1024,h5,5,6,6,0.7427063832609486,0.2533387384427951,10,10
64,16,patch10,9,6.0,6.0,1024,h6,6,6,7,0.6841234205141418,0.1861592773477912,10,10
64,16,patch10,9,6.0,6.0,1024,h7,7,6,8,0.5801913421617158,0.1121013957273602,10,10
64,16,patch10,9,6.0,6.0,1024,h8,8,7,5,0.76552343931393,0.3337429010108029,10,10
64,16,patch10,9,6.0,6.0,1024,h9,9,7,6,0.7600088056058046,0.3141075236638815,10,10
64,16,patch10,9,6.0,6.0,1024,h10,10,7,7,0.7034576817789387,0.2374098601789394,10,10
64,16,patch10,9,6.0,6.0,1024,h11,11,7,8,0.5383771196414735,0.1689254824995695,10,10
64,16,patch10,9,6.0,6.0,1024,h12,12,8,5,0.8505307059846264,0.4068941427946525,10,10
64,16,patch10,9,6.0,6.0,1024,h13,13,8,6,0.7759358044153781,0.4536374232392989,10,10
64,16,patch10,9,6.0,6.0,1024,h14,14,8,7,0.7012458144765196,0.36410941322598,10,10
64,16,patch10,9,6.0,6.0,1024,h15,15,8,8,0.597267040368124,0.2813738926930516,10,10
64,16,patch11,10,6.0,10.0,1024,h0,0,5,9,0.5000431148229222,0.2322939326178619,10,10
64,16,patch11,10,6.0,10.0,1024,h1,1,5,10,0.3700350490748364,0.2088470925740296,10,10
64,16,patch11,10,6.0,10.0,1024,h2,2,5,11,0.3267484129091647,0.1835385724654652,10,10
64,16,patch11,10,6.0,10.0,1024,h3,3,5,12,0.3492883192186654,0.2453055425002394,10,10
64,16,patch11,10,6.0,10.0,1024,h4,4,6,9,0.5181811596323702,0.1636554210806152,10,10
64,16,patch11,10,6.0,10.0,1024,h5,5,6,10,0.413897908366322,0.1587741274044963,10,10
64,16,patch11,10,6.0,10.0,1024,h6,6,6,11,0.3704499878325594,0.1744911994182871,10,10
64,16,patch11,10,6.0,10.0,1024,h7,7,6,12,0.3869668519754079,0.2333690479336087,10,10
64,16,patch11,10,6.0,10.0,1024,h8,8,7,9,0.4633441087131978,0.2221148939018506,10,10
64,16,patch11,10,6.0,10.0,1024,h9,9,7,10,0.41180242811662,0.2262505171943383,10,10
64,16,patch11,10,6.0,10.0,1024,h10,10,7,11,0.3934486456913165,0.2333990879376464,10,10
64,16,patch11,10,6.0,10.0,1024,h11,11,7,12,0.4134730455872698,0.218463988306265,10,10
64,16,patch11,10,6.0,10.0,1024,h12,12,8,9,0.5190437369123301,0.2261520665776382,10,10
64,16,patch11,10,6.0,10.0,1024,h13,13,8,10,0.4535057510598179,0.2284950523070446,10,10
64,16,patch11,10,6.0,10.0,1024,h14,14,8,11,0.4708934272988637,0.195332989228163,10,10
64,16,patch11,10,6.0,10.0,1024,h15,15,8,12,0.5151386365674274,0.1764950050277187,10,10
64,16,patch12,11,6.0,14.0,1024,h0,0,5,13,0.3062267266096085,0.1987608442273537,10,10
64,16,patch12,11,6.0,14.0,1024,h1,1,5,14,0.324301308542297,0.1572337868251852,10,10
64,16,patch12,11,6.0,14.0,1024,h2,2,5,15,0.4076148419186595,0.1800643296081622,10,10
64,16,patch12,11,6.0,14.0,1024,h3,3,5,16,0.4012959580977874,0.2374311179397737,10,10
64,16,patch12,11,6.0,14.0,1024,h4,4,6,13,0.4041229900640382,0.24511706196202,10,10
64,16,patch12,11,6.0,14.0,1024,h5,5,6,14,0.3474789372244725,0.1761729337350689,10,10
64,16,patch12,11,6.0,14.0,1024,h6,6,6,15,0.3904593073062596,0.2001945707591542,10,10
64,16,patch12,11,6.0,14.0,1024,h7,7,6,16,0.4529988575614959,0.2753011235556439,10,10
64,16,patch12,11,6.0,14.0,1024,h8,8,7,13,0.3813427647950015,0.2349271112854969,10,10
64,16,patch12,11,6.0,14.0,1024,h9,9,7,14,0.44942230971655,0.1317052478239111,10,10
64,16,patch12,11,6.0,14.0,1024,h10,10,7,15,0.3326281298479576,0.172834707611524,10,10
64,16,patch12,11,6.0,14.0,1024,h11,11,7,16,0.3876558553600223,0.2318966869638196,10,10
64,16,patch12,11,6.0,14.0,1024,h12,12,8,13,0.4099843922353967,0.1555874392502844,10,10
64,16,patch12,11,6.0,14.0,1024,h13,13,8,14,0.4589730915145289,0.1,10,10
64,16,patch12,11,6.0,14.0,1024,h14,14,8,15,0.4066028807993611,0.1379406794749622,10,10
64,16,patch12,11,6.0,14.0,1024,h15,15,8,16,0.4156345169229178,0.2520321398938018,10,10
64,16,patch13,12,6.0,18.0,1024,h0,0,5,17,0.3501224346914902,0.2208410303356607,10,10
64,16,patch13,12,6.0,18.0,1024,h1,1,5,18,0.4817887465783053,0.2748397605270315,10,10
64,16,patch13,12,6.0,18.0,1024,h2,2,5,19,0.3417824518420995,0.2880448020552812,10,10
64,16,patch13,12,6.0,18.0,1024,h3,3,5,20,0.3236240611114604,0.3021337424627315,10,10
64,16,patch13,12,6.0,18.0,1024,h4,4,6,17,0.365525936237811,0.2896451791153465,10,10
64,16,patch13,12,6.0,18.0,1024,h5,5,6,18,0.4697075160204168,0.2814657074895486,10,10
64,16,patch13,12,6.0,18.0,1024,h6,6,6,19,0.4633586198074158,0.2988434722284084,10,10
64,16,patch13,12,6.0,18.0,1024,h7,7,6,20,0.3971780276568319,0.2896238468588344,10,10
64,16,patch13,12,6.0,18.0,1024,h8,8,7,17,0.3993709153460673,0.2684163773855936,10,10
64,16,patch13,12,6.0,18.0,1024,h9,9,7,18,0.4904971791269567,0.2553913476163736,10,10
64,16,patch13,12,6.0,18.0,1024,h10,10,7,19,0.4814915238115488,0.3137326077481647,10,10
64,16,patch13,12,6.0,18.0,1024,h11,11,7,20,0.4782600654857298,0.2977519816706964,10,10
64,16,patch13,12,6.0,18.0,1024,h12,12,8,17,0.4186554134947234,0.2702385043235825,10,10
64,16,patch13,12,6.0,18.0,1024,h13,13,8,18,0.5439479985517532,0.2763784031494833,10,10
64,16,patch13,12,6.0,18.0,1024,h14,14,8,19,0.5118156556810929,0.3615294901958553,10,10
64,16,patch13,12,6.0,18.0,1024,h15,15,8,20,0.4273805856632501,0.3466480627820232,10,10
64,16,patch14,13,6.0,22.0,1024,h0,0,5,21,0.4087832365737556,0.2716175777513393,10,10
64,16,patch14,13,6.0,22.0,1024,h1,1,5,22,0.307061883835895,0.3480518400125532,10,10
64,16,patch14,13,6.0,22.0,1024,h2,2,5,23,0.3160233157825398,0.3934455296230952,10,10
64,16,patch14,13,6.0,22.0,1024,h3,3,5,24,0.3287431924657549,0.3917836293126558,10,10
64,16,patch14,13,6.0,22.0,1024,h4,4,6,21,0.4304411777305743,0.2779389748271484,10,10
64,16,patch14,13,6.0,22.0,1024,h5,5,6,22,0.3863726360446103,0.3609471107518694,10,10
64,16,patch14,13,6.0,22.0,1024,h6,6,6,23,0.4248244011022096,0.3897199201941532,10,10
64,16,patch14,13,6.0,22.0,1024,h7,7,6,24,0.3476661738369522,0.3898462123524878,10,10
64,16,patch14,13,6.0,22.0,1024,h8,8,7,21,0.4653194333886435,0.3419370696976815,10,10
64,16,patch14,13,6.0,22.0,1024,h9,9,7,22,0.3256640483294435,0.3806460475644238,10,10
64,16,patch14,13,6.0,22.0,1024,h10,10,7,23,0.4372779322483909,0.3968869494274173,10,10
64,16,patch14,13,6.0,22.0,1024,h11,11,7,24,0.4012983108964437,0.3518594218360972,10,10
64,16,patch14,13,6.0,22.0,1024,h12,12,8,21,0.5222071730717912,0.3433723073585556,10,10
64,16,patch14,13,6.0,22.0,1024,h13,13,8,22,0.3354623590337995,0.3731330159712644,10,10
64,16,patch14,13,6.0,22.0,1024,h14,14,8,23,0.3198710700306029,0.3993955249164281,10,10
64,16,patch14,13,6.0,22.0,1024,h15,15,8,24,0.4082435989620757,0.3182553402668758,10,10
64,16,patch15,14,6.0,26.0,1024,h0,0,5,25,0.329979074701769,0.4002384324109448,10,10
64,16,patch15,14,6.0,26.0,1024,h1,1,5,26,0.2821467716116146,0.4345231736098865,10,10
64,16,patch15,14,6.0,26.0,1024,h2,2,5,27,0.3490449881083783,0.4579769925426019,10,10
64,16,patch15,14,6.0,26.0,1024,h3,3,5,28,0.3315951043600774,0.540684923400898,10,10
64,16,patch15,14,6.0,26.0,1024,h4,4,6,25,0.4174285960628523,0.4226184184553814,10,10
64,16,patch15,14,6.0,26.0,1024,h5,5,6,26,0.3792487668173397,0.4853634728498252,10,10
64,16,patch15,14,6.0,26.0,1024,h6,6,6,27,0.3528141003507936,0.4833936256361167,10,10
64,16,patch15,14,6.0,26.0,1024,h7,7,6,28,0.3798480124211053,0.5573945275088421,10,10
64,16,patch15,14,6.0,26.0,1024,h8,8,7,25,0.4252665636916819,0.4006750098347004,10,10
64,16,patch15,14,6.0,26.0,1024,h9,9,7,26,0.5039774718499659,0.4419406557340348,10,10
64,16,patch15,14,6.0,26.0,1024,h10,10,7,27,0.4914863799170303,0.423028510672762,10,10
64,16,patch15,14,6.0,26.0,1024,h11,11,7,28,0.419248709973289,0.4242663199856767,10,10
64,16,patch15,14,6.0,26.0,1024,h12,12,8,25,0.3809358703653441,0.3722903133616891,10,10
64,16,patch15,14,6.0,26.0,1024,h13,13,8,26,0.4521735189106203,0.4187604629588174,10,10
64,16,patch15,14,6.0,26.0,1024,h14,14,8,27,0.5275729445837792,0.4041058864303338,10,10
64,16,patch15,14,6.0,26.0,1024,h15,15,8,28,0.439956847983953,0.3792565301859464,10,10
64,16,patch16,15,6.0,30.0,1024,h0,0,5,29,0.2589522824628619,0.6033954241556514,10,10
64,16,patch16,15,6.0,30.0,1024,h1,1,5,30,0.2932774016087663,0.6399846628684828,10,10
64,16,patch16,15,6.0,30.0,1024,h2,2,5,31,0.2523450241882772,0.6823709113214959,10,10
64,16,patch16,15,6.0,30.0,1024,h3,3,5,32,0.2317019288316784,0.7173012061219048,10,10
64,16,patch16,15,6.0,30.0,1024,h4,4,6,29,0.343727123268378,0.5560785668354034,10,10
64,16,patch16,15,6.0,30.0,1024,h5,5,6,30,0.317153356972725,0.5518670015321114,10,10
64,16,patch16,15,6.0,30.0,1024,h6,6,6,31,0.3096145368821367,0.58437242108021,10,10
64,16,patch16,15,6.0,30.0,1024,h7,7,6,32,0.3230077508867171,0.6558068002957265,10,10
64,16,patch16,15,6.0,30.0,1024,h8,8,7,29,0.4262749061861376,0.4787517326095818,10,10
64,16,patch16,15,6.0,30.0,1024,h9,9,7,30,0.3494955205401024,0.4921028387088053,10,10
64,16,patch16,15,6.0,30.0,1024,h10,10,7,31,0.2904395027493488,0.5111157498690574,10,10
64,16,patch16,15,6.0,30.0,1024,h11,11,7,32,0.3677882860235967,0.5818000509071672,10,10
64,16,patch16,15,6.0,30.0,1024,h12,12,8,29,0.3760027313467171,0.4820506963608545,10,10
64,16,patch16,15,6.0,30.0,1024,h13,13,8,30,0.3903244384553945,0.5140812320148342,10,10
64,16,patch16,15,6.0,30.0,1024,h14,14,8,31,0.329521388867414,0.5110598725619989,10,10
64,16,patch16,15,6.0,30.0,1024,h15,15,8,32,0.3842046658890844,0.5442400150635135,10,10
64,16,patch17,16,10.0,2.0,1024,h0,0,9,1,0.7109065496513185,0.5175229759256584,10,10
64,16,patch17,16,10.0,2.0,1024,h1,1,9,2,0.7176203060135159,0.4822458985806207,10,10
64,16,patch17,16,10.0,2.0,1024,h2,2,9,3,0.7330994154444535,0.4872680481533137,10,10
64,16,patch17,16,10.0,2.0,1024,h3,3,9,4,0.686402989572318,0.5138297561504105,10,10
64,16,patch17,16,10.0,2.0,1024,h4,4,10,1,0.7514528139390783,0.5738377534235423,10,10
64,16,patch17,16,10.0,2.0,1024,h5,5,10,2,0.7304084581652381,0.4930006995333245,10,10
64,16,patch17,16,10.0,2.0,1024,h6,6,10,3,0.7292479459227369,0.5166193188491927,10,10
64,16,patch17,16,10.0,2.0,1024,h7,7,10,4,0.7121298675499673,0.5046923517642162,10,10
64,16,patch17,16,10.0,2.0,1024,h8,8,11,1,0.7083375251080893,0.5952194564703748,10,10
64,16,patch17,16,10.0,2.0,1024,h9,9,11,2,0.7445322405933071,0.5270121608907604,10,10
64,16,patch17,16,10.0,2.0,1024,h10,10,11,3,0.67969996267055,0.5351868688654776,10,10
64,16,patch17,16,10.0,2.0,1024,h11,11,11,4,0.6528583603560462,0.5250815395777488,10,10
64,16,patch17,16,10.0,2.0,1024,h12,12,12,1,0.6673478957030724,0.5665063449811537,10,10
64,16,patch17,16,10.0,2.0,1024,h13,13,12,2,0.7067994664289416,0.5493617857615885,10,10
64,16,patch17,16,10.0,2.0,1024,h14,14,12,3,0.6727864320787152,0.5898780387967277,10,10
64,16,patch17,16,10.0,2.0,1024,h15,15,12,4,0.5915831918311882,0.618208570317585,10,10
64,16,patch18,17,10.0,6.0,1024,h0,0,9,5,0.747101615157189,0.4948023961549279,10,10
64,16,patch18,17,10.0,6.0,1024,h1,1,9,6,0.7355201991262972,0.4548909169121359,10,10
64,16,patch18,17,10.0,6.0,1024,h2,2,9,7,0.6530428036608232,0.3405998064474059,10,10
64,16,patch18,17,10.0,6.0,1024,h3,3,9,8,0.5584050685392211,0.2515391134414204,10,10
64,16,patch18,17,10.0,6.0,1024,h4,4,10,5,0.7160163774107483,0.469469444952299,10,10
64,16,patch18,17,10.0,6.0,1024,h5,5,10,6,0.6486779174272703,0.3830394848740324,10,10
64,16,patch18,17,10.0,6.0,1024,h6,6,10,7,0.6273805899166832,0.319024440779513,10,10
64,16,patch18,17,10.0,6.0,1024,h7,7,10,8,0.5502256369816688,0.2576937227630955,10,10
64,16,patch18,17,10.0,6.0,1024,h8,8,11,5,0.7076904566277172,0.4687280417537447,10,10
64,16,patch18,17,10.0,6.0,1024,h9,9,11,6,0.6264096222195848,0.4151062923121126,10,10
64,16,patch18,17,10.0,6.0,1024,h10,10,11,7,0.5895572033231743,0.3687098829873193,10,10
64,16,patch18,17,10.0,6.0,1024,h11,11,11,8,0.5622289736952516,0.2592953793976948,10,10
64,16,patch18,17,10.0,6.0,1024,h12,12,12,5,0.673262470392453,0.5213348773765482,10,10
64,16,patch18,17,10.0,6.0,1024,h13,13,12,6,0.6072123200364249,0.4628483491560423,10,10
64,16,patch18,17,10.0,6.0,1024,h14,14,12,7,0.5543019331476866,0.423790192897555,10,10
64,16,patch18,17,10.0,6.0,1024,h15,15,12,8,0.498384294012293,0.3505915861972487,10,10
64,16,patch19,18,10.0,10.0,1024,h0,0,9,9,0.5696454332022244,0.208307951497898,10,10
64,16,patch19,18,10.0,10.0,1024,h1,1,9,10,0.5151935812701608,0.2572921040860377,10,10
64,16,patch19,18,10.0,10.0,1024,h2,2,9,11,0.4662335990448581,0.2203748553682037,10,10
64,16,patch19,18,10.0,10.0,1024,h3,3,9,12,0.5286552341644379,0.2041908332357846,10,10
64,16,patch19,18,10.0,10.0,1024,h4,4,10,9,0.5412092991658863,0.2941082548319574,10,10
64,16,patch19,18,10.0,10.0,1024,h5,5,10,10,0.5344448476947256,0.3037086120660339,10,10
64,16,patch19,18,10.0,10.0,1024,h6,6,10,11,0.5043586004595663,0.2420042016362513,10,10
64,16,patch19,18,10.0,10.0,1024,h7,7,10,12,0.4752622656059959,0.2011874888311754,10,10
64,16,patch19,18,10.0,10.0,1024,h8,8,11,9,0.5742737861060858,0.2615963556497541,10,10
64,16,patch19,18,10.0,10.0,1024,h9,9,11,10,0.5132169936271771,0.2633870661584232,10,10
64,16,patch19,18,10.0,10.0,1024,h10,10,11,11,0.5429985608985868,0.2489004572376154,10,10
64,16,patch19,18,10.0,10.0,1024,h11,11,11,12,0.5116306333597805,0.2159947030625953,10,10
64,16,patch19,18,10.0,10.0,1024,h12,12,12,9,0.5294118834228217,0.315802310061649,10,10
64,16,patch19,18,10.0,10.0,1024,h13,13,12,10,0.5106051716353689,0.2930185076154481,10,10
64,16,patch19,18,10.0,10.0,1024,h14,14,12,11,0.5298992250562453,0.2761325904479846,10,10
64,16,patch19,18,10.0,10.0,1024,h15,15,12,12,0.531056351220136,0.2259622437036838,10,10
64,16,patch20,19,10.0,14.0,1024,h0,0,9,13,0.4792700571431731,0.134945481893264,10,10
64,16,patch20,19,10.0,14.0,1024,h1,1,9,14,0.4233388210847645,0.1155588713445215,10,10
64,16,patch20,19,10.0,14.0,1024,h2,2,9,15,0.3973216287205298,0.1287541807371656,10,10
64,16,patch20,19,10.0,14.0,1024,h3,3,9,16,0.4942152489450573,0.2200149950582492,10,10
64,16,patch20,19,10.0,14.0,1024,h4,4,10,13,0.446937849387906,0.1945771872884619,10,10
64,16,patch20,19,10.0,14.0,1024,h5,5,10,14,0.4529027490771083,0.1735429187578279,10,10
64,16,patch20,19,10.0,14.0,1024,h6,6,10,15,0.4235364585773706,0.1565690341475445,10,10
64,16,patch20,19,10.0,14.0,1024,h7,7,10,16,0.4545220078049039,0.2142758259646221,10,10
64,16,patch20,19,10.0,14.0,1024,h8,8,11,13,0.4174700957198947,0.261599761810956,10,10
64,16,patch20,19,10.0,14.0,1024,h9,9,11,14,0.4477034984887917,0.2183418813102994,10,10
64,16,patch20,19,10.0,14.0,1024,h10,10,11,15,0.5085099775485612,0.1904918472113876,10,10
64,16,patch20,19,10.0,14.0,1024,h11,11,11,16,0.4699213514690855,0.2119148482515568,10,10
64,16,patch20,19,10.0,14.0,1024,h12,12,12,13,0.4906441464990453,0.2504242989600402,10,10
64,16,patch20,19,10.0,14.0,1024,h13,13,12,14,0.4239874603638144,0.2571778099678989,10,10
64,16,patch20,19,10.0,14.0,1024,h14,14,12,15,0.4595350970243558,0.2375608155486181,10,10
64,16,patch20,19,10.0,14.0,1024,h15,15,12,16,0.5062925935542805,0.2365791793850175,10,10
64,16,patch21,20,10.0,18.0,1024,h0,0,9,17,0.4514434465560527,0.2247419284705168,10,10
64,16,patch21,20,10.0,18.0,1024,h1,1,9,18,0.4794641886741461,0.2303716691710221,10,10
64,16,patch21,20,10.0,18.0,1024,h2,2,9,19,0.5515358016977987,0.3018138830930804,10,10
64,16,patch21,20,10.0,18.0,1024,h3,3,9,20,0.4285866401768959,0.3543505274901319,10,10
64,16,patch21,20,10.0,18.0,1024,h4,4,10,17,0.5219942785040447,0.194384308836888,10,10
64,16,patch21,20,10.0,18.0,1024,h5,5,10,18,0.4390145651596816,0.2256201710755224,10,10
64,16,patch21,20,10.0,18.0,1024,h6,6,10,19,0.4359081821687925,0.3050558915201379,10,10
64,16,patch21,20,10.0,18.0,1024,h7,7,10,20,0.3915359457160481,0.3781675282482358,10,10
64,16,patch21,20,10.0,18.0,1024,h8,8,11,17,0.5267150020520023,0.2666438040720886,10,10
64,16,patch21,20,10.0,18.0,1024,h9,9,11,18,0.5380622981403288,0.2558295092231275,10,10
64,16,patch21,20,10.0,18.0,1024,h10,10,11,19,0.4617371336023937,0.3212923794920248,10,10
64,16,patch21,20,10.0,18.0,1024,h11,11,11,20,0.4292642094159838,0.3271114128164572,10,10
64,16,patch21,20,10.0,18.0,1024,h12,12,12,17,0.4689839340763218,0.3185281660507482,10,10
64,16,patch21,20,10.0,18.0,1024,h13,13,12,18,0.562522242195453,0.3354365507910757,10,10
64,16,patch21,20,10.0,18.0,1024,h14,14,12,19,0.5427599094857309,0.372859691972936,10,10
64,16,patch21,20,10.0,18.0,1024,h15,15,12,20,0.497563414702971,0.3598117795409264,10,10
64,16,patch22,21,10.0,22.0,1024,h0,0,9,21,0.4437286998553462,0.3132255067058241,10,10
64,16,patch22,21,10.0,22.0,1024,h1,1,9,22,0.4512656798159014,0.3580701401139182,10,10
64,16,patch22,21,10.0,22.0,1024,h2,2,9,23,0.359624246953771,0.3887588690792819,10,10
64,16,patch22,21,10.0,22.0,1024,h3,3,9,24,0.4029943998463898,0.3661371738076813,10,10
64,16,patch22,21,10.0,22.0,1024,h4,4,10,21,0.3541244908388957,0.3025169050464952,10,10
64,16,patch22,21,10.0,22.0,1024,h5,5,10,22,0.3675146509377415,0.3596789580983214,10,10
64,16,patch22,21,10.0,22.0,1024,h6,6,10,23,0.3915990490622582,0.4043805798380533,10,10
64,16,patch22,21,10.0,22.0,1024,h7,7,10,24,0.4277297757483173,0.4367092460830214,10,10
64,16,patch22,21,10.0,22.0,1024,h8,8,11,21,0.4033703204097156,0.29675955558525,10,10
64,16,patch22,21,10.0,22.0,1024,h9,9,11,22,0.3684865215038302,0.3352482587384938,10,10
64,16,patch22,21,10.0,22.0,1024,h10,10,11,23,0.3338531568541882,0.4203196959150043,10,10
64,16,patch22,21,10.0,22.0,1024,h11,11,11,24,0.442545027441026,0.4677682381351669,10,10
64,16,patch22,21,10.0,22.0,1024,h12,12,12,21,0.4285289745535817,0.3420092899074036,10,10
64,16,patch22,21,10.0,22.0,1024,h13,13,12,22,0.4385676588468336,0.3621586067446033,10,10
64,16,patch22,21,10.0,22.0,1024,h14,14,12,23,0.351513478706103,0.4258345679683047,10,10
64,16,patch22,21,10.0,22.0,1024,h15,15,12,24,0.3983276362120207,0.4153730714350458,10,10
64,16,patch23,22,10.0,26.0,1024,h0,0,9,25,0.487422820292357,0.403868010437145,10,10
64,16,patch23,22,10.0,26.0,1024,h1,1,9,26,0.4533144114321821,0.4460067313944196,10,10
64,16,patch23,22,10.0,26.0,1024,h2,2,9,27,0.4835253465443492,0.4009763728634985,10,10
64,16,patch23,22,10.0,26.0,1024,h3,3,9,28,0.4493177993152307,0.3508622128558275,10,10
64,16,patch23,22,10.0,26.0,1024,h4,4,10,25,0.4614747110833698,0.4756052924359684,10,10
64,16,patch23,22,10.0,26.0,1024,h5,5,10,26,0.4862734211942713,0.4979587284147917,10,10
64,16,patch23,22,10.0,26.0,1024,h6,6,10,27,0.4803695485070175,0.4567632288209186,10,10
64,16,patch23,22,10.0,26.0,1024,h7,7,10,28,0.3717012120050211,0.4440096116869922,10,10
64,16,patch23,22,10.0,26.0,1024,h8,8,11,25,0.4588465291713721,0.4701344715006371,10,10
64,16,patch23,22,10.0,26.0,1024,h9,9,11,26,0.4159055390201306,0.4850135212857926,10,10
64,16,patch23,22,10.0,26.0,1024,h10,10,11,27,0.5165276801203788,0.4265767560061227,10,10
64,16,patch23,22,10.0,26.0,1024,h11,11,11,28,0.4030514508727167,0.4584881658921761,10,10
64,16,patch23,22,10.0,26.0,1024,h12,12,12,25,0.5285249027799184,0.4011102371938596,10,10
64,16,patch23,22,10.0,26.0,1024,h13,13,12,26,0.4741565211521131,0.4112333960586783,10,10
64,16,patch23,22,10.0,26.0,1024,h14,14,12,27,0.5010940369359851,0.4126018090638833,10,10
64,16,patch23,22,10.0,26.0,1024,h15,15,12,28,0.4700218058594334,0.4214600636721732,10,10
64,16,patch24,23,10.0,30.0,1024,h0,0,9,29,0.3886645409965698,0.4322624616512617,10,10
64,16,patch24,23,10.0,30.0,1024,h1,1,9,30,0.3841197922828158,0.4827129372021899,10,10
64,16,patch24,23,10.0,30.0,1024,h2,2,9,31,0.3670433240233076,0.5016683469719077,10,10
64,16,patch24,23,10.0,30.0,1024,h3,3,9,32,0.4336642619556431,0.5006946161157251,10,10
64,16,patch24,23,10.0,30.0,1024,h4,4,10,29,0.3826949820384577,0.4952041123108689,10,10
64,16,patch24,23,10.0,30.0,1024,h5,5,10,30,0.4014511944585831,0.5455117063730632,10,10
64,16,patch24,23,10.0,30.0,1024,h6,6,10,31,0.3670001751680286,0.4836494439113022,10,10
64,16,patch24,23,10.0,30.0,1024,h7,7,10,32,0.4527540337915352,0.4919092319130472,10,10
64,16,patch24,23,10.0,30.0,1024,h8,8,11,29,0.33569175678136,0.5080498360271104,10,10
64,16,patch24,23,10.0,30.0,1024,h9,9,11,30,0.40419021997111,0.5142577900181255,10,10
64,16,patch24,23,10.0,30.0,1024,h10,10,11,31,0.3218304536058403,0.4250802370627667,10,10
64,16,patch24,23,10.0,30.0,1024,h11,11,11,32,0.3589275186844445,0.4744010012533409,10,10
64,16,patch24,23,10.0,30.0,1024,h12,12,12,29,0.3461147449333438,0.50297700186193,10,10
64,16,patch24,23,10.0,30.0,1024,h13,13,12,30,0.3471269627417324,0.5089213503164853,10,10
64,16,patch24,23,10.0,30.0,1024,h14,14,12,31,0.364480411532063,0.4831603892842518,10,10
64,16,patch24,23,10.0,30.0,1024,h15,15,12,32,0.3617230145201058,0.5476073433098788,10,10
64,16,patch25,24,14.0,2.0,1024,h0,0,13,1,0.7222218725924623,0.5918698146434576,10,10
64,16,patch25,24,14.0,2.0,1024,h1,1,13,2,0.6924827304806082,0.5708104545336096,10,10
64,16,patch25,24,14.0,2.0,1024,h2,2,13,3,0.7162243597680514,0.5825663540784464,10,10
64,16,patch25,24,14.0,2.0,1024,h3,3,13,4,0.6414992207003343,0.6294936822988455,10,10
64,16,patch25,24,14.0,2.0,1024,h4,4,14,1,0.8001092422405808,0.6390087340780226,10,10
64,16,patch25,24,14.0,2.0,1024,h5,5,14,2,0.7289460790882057,0.5477341548710409,10,10
64,16,patch25,24,14.0,2.0,1024,h6,6,14,3,0.6961325551256141,0.5229880673755631,10,10
64,16,patch25,24,14.0,2.0,1024,h7,7,14,4,0.6234242227994566,0.5619281582488955,10,10
64,16,patch25,24,14.0,2.0,1024,h8,8,15,1,0.8570060689941513,0.6111100808488444,10,10
64,16,patch25,24,14.0,2.0,1024,h9,9,15,2,0.793917011476461,0.5080230612414505,10,10
64,16,patch25,24,14.0,2.0,1024,h10,10,15,3,0.74886457486359,0.5235615535988682,10,10
64,16,patch25,24,14.0,2.0,1024,h11,11,15,4,0.6210397256323541,0.49650840008227,10,10
64,16,patch25,24,14.0,2.0,1024,h12,12,16,1,0.887145716167795,0.6017251422347275,10,10
64,16,patch25,24,14.0,2.0,1024,h13,13,16,2,0.760165469750694,0.5484130649708343,10,10
64,16,patch25,24,14.0,2.0,1024,h14,14,16,3,0.7575577154549786,0.5368735563245006,10,10
64,16,patch25,24,14.0,2.0,1024,h15,15,16,4,0.6451729877893733,0.510807959216278,10,10
64,16,patch26,25,14.0,6.0,1024,h0,0,13,5,0.6672903021040655,0.514923020781797,10,10
64,16,patch26,25,14.0,6.0,1024,h1,1,13,6,0.6247989761798118,0.4974820560403087,10,10
64,16,patch26,25,14.0,6.0,1024,h2,2,13,7,0.5815762545386222,0.5094570502073669,10,10
64,16,patch26,25,14.0,6.0,1024,h3,3,13,8,0.5461188330161846,0.4544654726446945,10,10
64,16,patch26,25,14.0,6.0,1024,h4,4,14,5,0.6411829892193265,0.5140641237678889,10,10
64,16,patch26,25,14.0,6.0,1024,h5,5,14,6,0.5947982349472141,0.4949301744665048,10,10
64,16,patch26,25,14.0,6.0,1024,h6,6,14,7,0.5933868255333261,0.4944845696784828,10,10
64,16,patch26,25,14.0,6.0,1024,h7,7,14,8,0.63289566139024,0.4626171235560498,10,10
64,16,patch26,25,14.0,6.0,1024,h8,8,15,5,0.5904936194115749,0.4819131665939364,10,10
64,16,patch26,25,14.0,6.0,1024,h9,9,15,6,0.6010368855714241,0.453392417597001,10,10
64,16,patch26,25,14.0,6.0,1024,h10,10,15,7,0.608440706821006,0.4855843758120031,10,10
64,16,patch26,25,14.0,6.0,1024,h11,11,15,8,0.6038427044404592,0.425762533547927,10,10
64,16,patch26,25,14.0,6.0,1024,h12,12,16,5,0.5950249042887666,0.5043742881674528,10,10
64,16,patch26,25,14.0,6.0,1024,h13,13,16,6,0.6087651057247047,0.4856769090244026,10,10
64,16,patch26,25,14.0,6.0,1024,h14,14,16,7,0.5988863263181594,0.5113815551722495,10,10
64,16,patch26,25,14.0,6.0,1024,h15,15,16,8,0.5923005555410502,0.4299776410440711,10,10
64,16,patch27,26,14.0,10.0,1024,h0,0,13,9,0.5614450722797372,0.3355548447483761,10,10
64,16,patch27,26,14.0,10.0,1024,h1,1,13,10,0.5595180350784897,0.3199503775650043,10,10
64,16,patch27,26,14.0,10.0,1024,h2,2,13,11,0.5830526721078798,0.2730515457295899,10,10
64,16,patch27,26,14.0,10.0,1024,h3,3,13,12,0.5308337799129768,0.244319354113544,10,10
64,16,patch27,26,14.0,10.0,1024,h4,4,14,9,0.6494652734298572,0.360640048160038,10,10
64,16,patch27,26,14.0,10.0,1024,h5,5,14,10,0.595270674706072,0.3822501244249615,10,10
64,16,patch27,26,14.0,10.0,1024,h6,6,14,11,0.6323310440822532,0.385972084514961,10,10
64,16,patch27,26,14.0,10.0,1024,h7,7,14,12,0.5403448312931187,0.3816437652670505,10,10
64,16,patch27,26,14.0,10.0,1024,h8,8,15,9,0.7448657855238737,0.3800221685287762,10,10
64,16,patch27,26,14.0,10.0,1024,h9,9,15,10,0.655321325147652,0.3947576684236956,10,10
64,16,patch27,26,14.0,10.0,1024,h10,10,15,11,0.595457947127359,0.3980724214629353,10,10
64,16,patch27,26,14.0,10.0,1024,h11,11,15,12,0.5568708639971244,0.3384150459653032,10,10
64,16,patch27,26,14.0,10.0,1024,h12,12,16,9,0.6717786056808497,0.3651391756721488,10,10
64,16,patch27,26,14.0,10.0,1024,h13,13,16,10,0.6626374777256877,0.3707825373167652,10,10
64,16,patch27,26,14.0,10.0,1024,h14,14,16,11,0.6171445902595634,0.4323579065771268,10,10
64,16,patch27,26,14.0,10.0,1024,h15,15,16,12,0.5336303303808639,0.408874229763134,10,10
64,16,patch28,27,14.0,14.0,1024,h0,0,13,13,0.5401501248748484,0.2646673274277744,10,10
64,16,patch28,27,14.0,14.0,1024,h1,1,13,14,0.4993710611716833,0.2656119121526141,10,10
64,16,patch28,27,14.0,14.0,1024,h2,2,13,15,0.4352870731731123,0.2043587909602115,10,10
64,16,patch28,27,14.0,14.0,1024,h3,3,13,16,0.5180779358234268,0.2149220210588794,10,10
64,16,patch28,27,14.0,14.0,1024,h4,4,14,13,0.4298053831058434,0.3228830209564697,10,10
64,16,patch28,27,14.0,14.0,1024,h5,5,14,14,0.4841371885844487,0.3012619234882042,10,10
64,16,patch28,27,14.0,14.0,1024,h6,6,14,15,0.5331710443002443,0.1780736722152718,10,10
64,16,patch28,27,14.0,14.0,1024,h7,7,14,16,0.600283649690191,0.2196402881418225,10,10
64,16,patch28,27,14.0,14.0,1024,h8,8,15,13,0.4288662319688033,0.3373548785478951,10,10
64,16,patch28,27,14.0,14.0,1024,h9,9,15,14,0.4144081981216859,0.3130658058827198,10,10
64,16,patch28,27,14.0,14.0,1024,h10,10,15,15,0.5155276237223352,0.2545792265281656,10,10
64,16,patch28,27,14.0,14.0,1024,h11,11,15,16,0.6344720199846615,0.2718999448896659,10,10
64,16,patch28,27,14.0,14.0,1024,h12,12,16,13,0.4729562376401355,0.4429386963309931,10,10
64,16,patch28,27,14.0,14.0,1024,h13,13,16,14,0.5097894297027122,0.4450037523796654,10,10
64,16,patch28,27,14.0,14.0,1024,h14,14,16,15,0.4741211653037464,0.4027694911423295,10,10
64,16,patch28,27,14.0,14.0,1024,h15,15,16,16,0.620320005439386,0.3521699940242796,10,10
64,16,patch29,28,14.0,18.0,1024,h0,0,13,17,0.5685957053856692,0.2890552080168124,10,10
64,16,patch29,28,14.0,18.0,1024,h1,1,13,18,0.5714592366180958,0.3254059348358202,10,10
64,16,patch29,28,14.0,18.0,1024,h2,2,13,19,0.5383761098740781,0.3400597750767785,10,10
64,16,patch29,28,14.0,18.0,1024,h3,3,13,20,0.555293298464432,0.3095099196202221,10,10
64,16,patch29,28,14.0,18.0,1024,h4,4,14,17,0.6450090308866249,0.2710527132024546,10,10
64,16,patch29,28,14.0,18.0,1024,h5,5,14,18,0.7057934147459627,0.2729144469490632,10,10
64,16,patch29,28,14.0,18.0,1024,h6,6,14,19,0.5430888983174843,0.2498684795427763,10,10
64,16,patch29,28,14.0,18.0,1024,h7,7,14,20,0.5497482061385125,0.3187196462531608,10,10
64,16,patch29,28,14.0,18.0,1024,h8,8,15,17,0.5982327558115398,0.308118884953253,10,10
64,16,patch29,28,14.0,18.0,1024,h9,9,15,18,0.7063102118629281,0.3096951804086608,10,10
64,16,patch29,28,14.0,18.0,1024,h10,10,15,19,0.5805917188483931,0.2739282368550222,10,10
64,16,patch29,28,14.0,18.0,1024,h11,11,15,20,0.4760975626561112,0.3473983714284137,10,10
64,16,patch29,28,14.0,18.0,1024,h12,12,16,17,0.62532184024177,0.4196405758744651,10,10
64,16,patch29,28,14.0,18.0,1024,h13,13,16,18,0.6048508165300894,0.3991552643134187,10,10
64,16,patch29,28,14.0,18.0,1024,h14,14,16,19,0.6100815282217027,0.3466237533098724,10,10
64,16,patch29,28,14.0,18.0,1024,h15,15,16,20,0.5570892108418316,0.3549622391882021,10,10
64,16,patch30,29,14.0,22.0,1024,h0,0,13,21,0.4178426137939061,0.2860159975096189,10,10
64,16,patch30,29,14.0,22.0,1024,h1,1,13,22,0.3657848581339509,0.310383358172833,10,10
64,16,patch30,29,14.0,22.0,1024,h2,2,13,23,0.4107574569668897,0.3960540962255863,10,10
64,16,patch30,29,14.0,22.0,1024,h3,3,13,24,0.3775111787056424,0.3953663518143624,10,10
64,16,patch30,29,14.0,22.0,1024,h4,4,14,21,0.4702566726386822,0.3233634991079852,10,10
64,16,patch30,29,14.0,22.0,1024,h5,5,14,22,0.3649285712339315,0.3698970561617655,10,10
64,16,patch30,29,14.0,22.0,1024,h6,6,14,23,0.4469654038027053,0.4512357904881289,10,10
64,16,patch30,29,14.0,22.0,1024,h7,7,14,24,0.4482517614921412,0.4690463296622431,10,10
64,16,patch30,29,14.0,22.0,1024,h8,8,15,21,0.4962290362358171,0.3652073931695261,10,10
64,16,patch30,29,14.0,22.0,1024,h9,9,15,22,0.4431410284292256,0.3730601994590646,10,10
64,16,patch30,29,14.0,22.0,1024,h10,10,15,23,0.4380240575396502,0.3889951029812374,10,10
64,16,patch30,29,14.0,22.0,1024,h11,11,15,24,0.432261828923972,0.4274040085411829,10,10
64,16,patch30,29,14.0,22.0,1024,h12,12,16,21,0.5049837856945479,0.3976847935943309,10,10
64,16,patch30,29,14.0,22.0,1024,h13,13,16,22,0.4447879179158255,0.3895247810065207,10,10
64,16,patch30,29,14.0,22.0,1024,h14,14,16,23,0.4708373976358666,0.4326774086831646,10,10
64,16,patch30,29,14.0,22.0,1024,h15,15,16,24,0.423021404802352,0.4896699486512283,10,10
64,16,patch31,30,14.0,26.0,1024,h0,0,13,25,0.4692760493795638,0.3769843085416908,10,10
64,16,patch31,30,14.0,26.0,1024,h1,1,13,26,0.4682723019296619,0.3940955533582515,10,10
64,16,patch31,30,14.0,26.0,1024,h2,2,13,27,0.4898059259444356,0.4192545718670822,10,10
64,16,patch31,30,14.0,26.0,1024,h3,3,13,28,0.4090360165336073,0.4050781368238143,10,10
64,16,patch31,30,14.0,26.0,1024,h4,4,14,25,0.4676624889128595,0.404059632275965,10,10
64,16,patch31,30,14.0,26.0,1024,h5,5,14,26,0.4361789294620516,0.4342816995126579,10,10
64,16,patch31,30,14.0,26.0,1024,h6,6,14,27,0.4788102399929603,0.4681737953208102,10,10
64,16,patch31,30,14.0,26.0,1024,h7,7,14,28,0.4068360448811046,0.4532788910888394,10,10
64,16,patch31,30,14.0,26.0,1024,h8,8,15,25,0.4732677651872893,0.413266355661482,10,10
64,16,patch31,30,14.0,26.0,1024,h9,9,15,26,0.3861278774604905,0.4603083365008472,10,10
64,16,patch31,30,14.0,26.0,1024,h10,10,15,27,0.4078719909135221,0.4792188647098643,10,10
64,16,patch31,30,14.0,26.0,1024,h11,11,15,28,0.4175302411273794,0.5030618915410532,10,10
64,16,patch31,30,14.0,26.0,1024,h12,12,16,25,0.4448991915020076,0.4891835577923592,10,10
64,16,patch31,30,14.0,26.0,1024,h13,13,16,26,0.4327524539410663,0.5144905058587588,10,10
64,16,patch31,30,14.0,26.0,1024,h14,14,16,27,0.3960391990725295,0.5610345527782943,10,10
64,16,patch31,30,14.0,26.0,1024,h15,15,16,28,0.386187657745804,0.5497678299153478,10,10
64,16,patch32,31,14.0,30.0,1024,h0,0,13,29,0.3725444945042203,0.4695021147982596,10,10
64,16,patch32,31,14.0,30.0,1024,h1,1,13,30,0.3315139144329777,0.4872148526730486,10,10
64,16,patch32,31,14.0,30.0,1024,h2,2,13,31,0.3264479802318515,0.5015391689004081,10,10
64,16,patch32,31,14.0,30.0,1024,h3,3,13,32,0.3536645595501234,0.5257180632728156,10,10
64,16,patch32,31,14.0,30.0,1024,h4,4,14,29,0.3756864536857934,0.4583433456640146,10,10
64,16,patch32,31,14.0,30.0,1024,h5,5,14,30,0.4123298013908661,0.4798514368855771,10,10
64,16,patch32,31,14.0,30.0,1024,h6,6,14,31,0.4441344562628766,0.5545696603078453,10,10
64,16,patch32,31,14.0,30.0,1024,h7,7,14,32,0.386057226072576,0.6068439254599485,10,10
64,16,patch32,31,14.0,30.0,1024,h8,8,15,29,0.4319779870466425,0.5011889631727584,10,10
64,16,patch32,31,14.0,30.0,1024,h9,9,15,30,0.4518702076660584,0.5785989454447966,10,10
64,16,patch32,31,14.0,30.0,1024,h10,10,15,31,0.5460529417793158,0.6182762181134565,10,10
64,16,patch32,31,14.0,30.0,1024,h11,11,15,32,0.478571497123152,0.6475032582090015,10,10
64,16,patch32,31,14.0,30.0,1024,h12,12,16,29,0.4528074748167652,0.562604830002858,10,10
64,16,patch32,31,14.0,30.0,1024,h13,13,16,30,0.4464456272604683,0.6475349898648733,10,10
64,16,patch32,31,14.0,30.0,1024,h14,14,16,31,0.4859323876471978,0.6196792457796401,10,10
64,16,patch32,31,14.0,30.0,1024,h15,15,16,32,0.4646231670529798,0.6290232562812772,10,10
64,16,patch33,32,18.0,2.0,1024,h0,0,17,1,0.84284390660802,0.5382322701458375,10,10
64,16,patch33,32,18.0,2.0,1024,h1,1,17,2,0.7373531345086297,0.4817921868233632,10,10
64,16,patch33,32,18.0,2.0,1024,h2,2,17,3,0.6506232529031647,0.4481679571295035,10,10
64,16,patch33,32,18.0,2.0,1024,h3,3,17,4,0.6494128328956237,0.5159618605567408,10,10
64,16,patch33,32,18.0,2.0,1024,h4,4,18,1,0.8246535024377611,0.548056160342874,10,10
64,16,patch33,32,18.0,2.0,1024,h5,5,18,2,0.8147235424838009,0.5196056846170167,10,10
64,16,patch33,32,18.0,2.0,1024,h6,6,18,3,0.6888224227253821,0.5053864302522634,10,10
64,16,patch33,32,18.0,2.0,1024,h7,7,18,4,0.6400267607920996,0.5890924270262047,10,10
64,16,patch33,32,18.0,2.0,1024,h8,8,19,1,0.8168818938680199,0.6524247993612035,10,10
64,16,patch33,32,18.0,2.0,1024,h9,9,19,2,0.8349263042141589,0.6190275450170895,10,10
64,16,patch33,32,18.0,2.0,1024,h10,10,19,3,0.7449458413604035,0.5549606928602294,10,10
64,16,patch33,32,18.0,2.0,1024,h11,11,19,4,0.6702483609075343,0.5837853854743833,10,10
64,16,patch33,32,18.0,2.0,1024,h12,12,20,1,0.828106728934502,0.6958819373357674,10,10
64,16,patch33,32,18.0,2.0,1024,h13,13,20,2,0.9,0.6268867723954821,10,10
64,16,patch33,32,18.0,2.0,1024,h14,14,20,3,0.7920241995138747,0.6096384017430124,10,10
64,16,patch33,32,18.0,2.0,1024,h15,15,20,4,0.7441659212210247,0.638112378899977,10,10
64,16,patch34,33,18.0,6.0,1024,h0,0,17,5,0.5909146167111173,0.524054817054175,10,10
64,16,patch34,33,18.0,6.0,1024,h1,1,17,6,0.57474740177613,0.5369150330174594,10,10
64,16,patch34,33,18.0,6.0,1024,h2,2,17,7,0.5519096094665498,0.532264267112222,10,10
64,16,patch34,33,18.0,6.0,1024,h3,3,17,8,0.5548288514037596,0.5017406810767635,10,10
64,16,patch34,33,18.0,6.0,1024,h4,4,18,5,0.5830541324222718,0.6140663782004216,10,10
64,16,patch34,33,18.0,6.0,1024,h5,5,18,6,0.563461346269615,0.625616783433528,10,10
64,16,patch34,33,18.0,6.0,1024,h6,6,18,7,0.5172242597563734,0.6456755150359219,10,10
64,16,patch34,33,18.0,6.0,1024,h7,7,18,8,0.5100144706426838,0.6322494456612084,10,10
64,16,patch34,33,18.0,6.0,1024,h8,8,19,5,0.5512887542736608,0.6816231340649732,10,10
64,16,patch34,33,18.0,6.0,1024,h9,9,19,6,0.4722232599760677,0.6668126187776231,10,10
64,16,patch34,33,18.0,6.0,1024,h10,10,19,7,0.5101786012971062,0.6261514208203066,10,10
64,16,patch34,33,18.0,6.0,1024,h11,11,19,8,0.4704374546669184,0.5759360145705237,10,10
64,16,patch34,33,18.0,6.0,1024,h12,12,20,5,0.6533861753748209,0.7180281513536674,10,10
64,16,patch34,33,18.0,6.0,1024,h13,13,20,6,0.5408149544752746,0.6655221708432048,10,10
64,16,patch34,33,18.0,6.0,1024,h14,14,20,7,0.5230080257373422,0.6357349155398042,10,10
64,16,patch34,33,18.0,6.0,1024,h15,15,20,8,0.5315664477290055,0.5952976006203299,10,10
64,16,patch35,34,18.0,10.0,1024,h0,0,17,9,0.5976293161731646,0.4293336978046576,10,10
64,16,patch35,34,18.0,10.0,1024,h1,1,17,10,0.5131343522226863,0.4653185589861428,10,10
64,16,patch35,34,18.0,10.0,1024,h2,2,17,11,0.5454686736511536,0.5157403704620955,10,10
64,16,patch35,34,18.0,10.0,1024,h3,3,17,12,0.5248124365184202,0.4655912315468358,10,10
64,16,patch35,34,18.0,10.0,1024,h4,4,18,9,0.6266163849881662,0.5374605739558038,10,10
64,16,patch35,34,18.0,10.0,1024,h5,5,18,10,0.5341679356358581,0.5082357341638244,10,10
64,16,patch35,34,18.0,10.0,1024,h6,6,18,11,0.5025167564535509,0.50226552952202,10,10
64,16,patch35,34,18.0,10.0,1024,h7,7,18,12,0.5473588398415317,0.4571538657723766,10,10
64,16,patch35,34,18.0,10.0,1024,h8,8,19,9,0.5840858943895664,0.4963241663410751,10,10
64,16,patch35,34,18.0,10.0,1024,h9,9,19,10,0.5934397780787367,0.4982613043865432,10,10
64,16,patch35,34,18.0,10.0,1024,h10,10,19,11,0.5227389699552335,0.5258314464877907,10,10
64,16,patch35,34,18.0,10.0,1024,h11,11,19,12,0.4839123383421607,0.4988973086964172,10,10
64,16,patch35,34,18.0,10.0,1024,h12,12,20,9,0.5509356976415432,0.5929428866099474,10,10
64,16,patch35,34,18.0,10.0,1024,h13,13,20,10,0.5234948423691543,0.5863846471868022,10,10
64,16,patch35,34,18.0,10.0,1024,h14,14,20,11,0.5352084942744794,0.5925592659408668,10,10
64,16,patch35,34,18.0,10.0,1024,h15,15,20,12,0.4653797721642176,0.5106487621242003,10,10
64,16,patch36,35,18.0,14.0,1024,h0,0,17,13,0.415275624728359,0.4213313559059013,10,10
64,16,patch36,35,18.0,14.0,1024,h1,1,17,14,0.5060031544001569,0.4116160926561595,10,10
64,16,patch36,35,18.0,14.0,1024,h2,2,17,15,0.524630819891139,0.3791423378245601,10,10
64,16,patch36,35,18.0,14.0,1024,h3,3,17,16,0.5492086359801459,0.3676752758337633,10,10
64,16,patch36,35,18.0,14.0,1024,h4,4,18,13,0.4338948524514874,0.4040501374297978,10,10
64,16,patch36,35,18.0,14.0,1024,h5,5,18,14,0.419542507415201,0.4546563275041021,10,10
64,16,patch36,35,18.0,14.0,1024,h6,6,18,15,0.5349433034433603,0.4019066768335412,10,10
64,16,patch36,35,18.0,14.0,1024,h7,7,18,16,0.5395491323092696,0.381227584186536,10,10
64,16,patch36,35,18.0,14.0,1024,h8,8,19,13,0.4851288240547277,0.4415982932449145,10,10
64,16,patch36,35,18.0,14.0,1024,h9,9,19,14,0.4272249851803663,0.4363041406456515,10,10
64,16,patch36,35,18.0,14.0,1024,h10,10,19,15,0.5159917271717215,0.3807753510728545,10,10
64,16,patch36,35,18.0,14.0,1024,h11,11,19,16,0.5729503439492235,0.375424152710396,10,10
64,16,patch36,35,18.0,14.0,1024,h12,12,20,13,0.4265714033925164,0.4757342130186613,10,10
64,16,patch36,35,18.0,14.0,1024,h13,13,20,14,0.4689093153662316,0.4984300516179339,10,10
64,16,patch36,35,18.0,14.0,1024,h14,14,20,15,0.5311549683757428,0.4696680335646773,10,10
64,16,patch36,35,18.0,14.0,1024,h15,15,20,16,0.4783502943904167,0.4205493094919121,10,10
64,16,patch37,36,18.0,18.0,1024,h0,0,17,17,0.6263714281282151,0.4173627067533014,10,10
64,16,patch37,36,18.0,18.0,1024,h1,1,17,18,0.6521264684166631,0.393751855900314,10,10
64,16,patch37,36,18.0,18.0,1024,h2,2,17,19,0.5716185135722239,0.3801488886543592,10,10
64,16,patch37,36,18.0,18.0,1024,h3,3,17,20,0.5985280684192746,0.4215325812010291,10,10
64,16,patch37,36,18.0,18.0,1024,h4,4,18,17,0.5591477242332686,0.4238533706350263,10,10
64,16,patch37,36,18.0,18.0,1024,h5,5,18,18,0.6371673709917974,0.4594681048038452,10,10
64,16,patch37,36,18.0,18.0,1024,h6,6,18,19,0.598466654303905,0.4640046008941255,10,10
64,16,patch37,36,18.0,18.0,1024,h7,7,18,20,0.5278767663036402,0.5380713033339632,10,10
64,16,patch37,36,18.0,18.0,1024,h8,8,19,17,0.6085066018715406,0.4110957562626558,10,10
64,16,patch37,36,18.0,18.0,1024,h9,9,19,18,0.5741779881887591,0.4473799170452972,10,10
64,16,patch37,36,18.0,18.0,1024,h10,10,19,19,0.5651652289843246,0.4433815391265849,10,10
64,16,patch37,36,18.0,18.0,1024,h11,11,19,20,0.5383683603724777,0.5273716580514636,10,10
64,16,patch37,36,18.0,18.0,1024,h12,12,20,17,0.5628850947150803,0.4238120659550136,10,10
64,16,patch37,36,18.0,18.0,1024,h13,13,20,18,0.569344374824876,0.45127537534157,10,10
64,16,patch37,36,18.0,18.0,1024,h14,14,20,19,0.4254865487827879,0.462686396272947,10,10
64,16,patch37,36,18.0,18.0,1024,h15,15,20,20,0.5056620060904736,0.5544707239560012,10,10
64,16,patch38,37,18.0,22.0,1024,h0,0,17,21,0.5617578564563915,0.490363354701502,10,10
64,16,patch38,37,18.0,22.0,1024,h1,1,17,22,0.4408284046373256,0.4626941496346145,10,10
64,16,patch38,37,18.0,22.0,1024,h2,2,17,23,0.465096935021969,0.5017524644702062,10,10
64,16,patch38,37,18.0,22.0,1024,h3,3,17,24,0.4678423735379435,0.4882219382707214,10,10
64,16,patch38,37,18.0,22.0,1024,h4,4,18,21,0.5333062356185978,0.5854717109250979,10,10
64,16,patch38,37,18.0,22.0,1024,h5,5,18,22,0.5141363283466361,0.5203255583801,10,10
64,16,patch38,37,18.0,22.0,1024,h6,6,18,23,0.4108887301721634,0.5077314840019501,10,10
64,16,patch38,37,18.0,22.0,1024,h7,7,18,24,0.4801100187636574,0.5300480890083439,10,10
64,16,patch38,37,18.0,22.0,1024,h8,8,19,21,0.4741330886540479,0.5838248639159599,10,10
64,16,patch38,37,18.0,22.0,1024,h9,9,19,22,0.5183092803001862,0.5466087679330538,10,10
64,16,patch38,37,18.0,22.0,1024,h10,10,19,23,0.5321136440182215,0.5327474614072033,10,10
64,16,patch38,37,18.0,22.0,1024,h11,11,19,24,0.50058596459666,0.5916798274090037,10,10
64,16,patch38,37,18.0,22.0,1024,h12,12,20,21,0.4438933792415745,0.6064374042405405,10,10
64,16,patch38,37,18.0,22.0,1024,h13,13,20,22,0.433000433214567,0.5508215521561808,10,10
64,16,patch38,37,18.0,22.0,1024,h14,14,20,23,0.503476127841601,0.5168524256036638,10,10
64,16,patch38,37,18.0,22.0,1024,h15,15,20,24,0.5277224042693577,0.5898227971966332,10,10
64,16,patch39,38,18.0,26.0,1024,h0,0,17,25,0.4005082867212695,0.4744743459421063,10,10
64,16,patch39,38,18.0,26.0,1024,h1,1,17,26,0.4497401896928549,0.47826057470695,10,10
64,16,patch39,38,18.0,26.0,1024,h2,2,17,27,0.4786911519679239,0.5439110811839455,10,10
64,16,patch39,38,18.0,26.0,1024,h3,3,17,28,0.40729767876053,0.4996149603547808,10,10
64,16,patch39,38,18.0,26.0,1024,h4,4,18,25,0.4365233957751726,0.5107046172686492,10,10
64,16,patch39,38,18.0,26.0,1024,h5,5,18,26,0.3654023401595161,0.4844548786966488,10,10
64,16,patch39,38,18.0,26.0,1024,h6,6,18,27,0.3808795927981799,0.5182174066301275,10,10
64,16,patch39,38,18.0,26.0,1024,h7,7,18,28,0.3964675065880014,0.4820019683634517,10,10
64,16,patch39,38,18.0,26.0,1024,h8,8,19,25,0.4918444171455579,0.553536145946668,10,10
64,16,patch39,38,18.0,26.0,1024,h9,9,19,26,0.4022224409890494,0.4873649730530878,10,10
64,16,patch39,38,18.0,26.0,1024,h10,10,19,27,0.3906598918200695,0.503461580889454,10,10
64,16,patch39,38,18.0,26.0,1024,h11,11,19,28,0.3011923916370631,0.5255353415192283,10,10
64,16,patch39,38,18.0,26.0,1024,h12,12,20,25,0.4392350010046216,0.5653853389899112,10,10
64,16,patch39,38,18.0,26.0,1024,h13,13,20,26,0.3764447775852864,0.538827119552386,10,10
64,16,patch39,38,18.0,26.0,1024,h14,14,20,27,0.4302817151996078,0.5321679764680834,10,10
64,16,patch39,38,18.0,26.0,1024,h15,15,20,28,0.3626459543352754,0.5874321161580155,10,10
64,16,patch40,39,18.0,30.0,1024,h0,0,17,29,0.4639252910709388,0.5252510253587418,10,10
64,16,patch40,39,18.0,30.0,1024,h1,1,17,30,0.4662604667375895,0.6057109968203543,10,10
64,16,patch40,39,18.0,30.0,1024,h2,2,17,31,0.4549281273637034,0.6606184297985537,10,10
64,16,patch40,39,18.0,30.0,1024,h3,3,17,32,0.4385460133669018,0.6220793957937357,10,10
64,16,patch40,39,18.0,30.0,1024,h4,4,18,29,0.4030463750623737,0.5286240604524025,10,10
64,16,patch40,39,18.0,30.0,1024,h5,5,18,30,0.4350648779853113,0.6029685369730658,10,10
64,16,patch40,39,18.0,30.0,1024,h6,6,18,31,0.4385857891996907,0.6701870936473571,10,10
64,16,patch40,39,18.0,30.0,1024,h7,7,18,32,0.4367440414848496,0.610256399059993,10,10
64,16,patch40,39,18.0,30.0,1024,h8,8,19,29,0.3754133088544384,0.5137774413071787,10,10
64,16,patch40,39,18.0,30.0,1024,h9,9,19,30,0.4273666978949981,0.5841067669648636,10,10
64,16,patch40,39,18.0,30.0,1024,h10,10,19,31,0.4092412670116725,0.652808398795499,10,10
64,16,patch40,39,18.0,30.0,1024,h11,11,19,32,0.4076120079453008,0.6035378560627099,10,10
64,16,patch40,39,18.0,30.0,1024,h12,12,20,29,0.375122691568337,0.5685684263975697,10,10
64,16,patch40,39,18.0,30.0,1024,h13,13,20,30,0.4462204808195524,0.6234479324720121,10,10
64,16,patch40,39,18.0,30.0,1024,h14,14,20,31,0.4057524578974366,0.6178008361887862,10,10
64,16,patch40,39,18.0,30.0,1024,h15,15,20,32,0.3581394978729544,0.5771950814302949,10,10
64,16,patch41,40,22.0,2.0,1024,h0,0,21,1,0.8044871051585271,0.6865833927857523,10,10
64,16,patch41,40,22.0,2.0,1024,h1,1,21,2,0.882657603144555,0.6871839566050004,10,10
64,16,patch41,40,22.0,2.0,1024,h2,2,21,3,0.8075776913813478,0.6520065717245003,10,10
64,16,patch41,40,22.0,2.0,1024,h3,3,21,4,0.7413569433598365,0.6848537251435,10,10
64,16,patch41,40,22.0,2.0,1024,h4,4,22,1,0.8081537695762032,0.7268936124645925,10,10
64,16,patch41,40,22.0,2.0,1024,h5,5,22,2,0.8111132110941397,0.7399286230548177,10,10
64,16,patch41,40,22.0,2.0,1024,h6,6,22,3,0.820984356398498,0.6917572161372448,10,10
64,16,patch41,40,22.0,2.0,1024,h7,7,22,4,0.7935643897714164,0.7670787232932567,10,10
64,16,patch41,40,22.0,2.0,1024,h8,8,23,1,0.784447686264354,0.7493707419356134,10,10
64,16,patch41,40,22.0,2.0,1024,h9,9,23,2,0.8084513067615663,0.793841324945484,10,10
64,16,patch41,40,22.0,2.0,1024,h10,10,23,3,0.8184937140921602,0.7827937141014858,10,10
64,16,patch41,40,22.0,2.0,1024,h11,11,23,4,0.7857785836006919,0.7921870590277831,10,10
64,16,patch41,40,22.0,2.0,1024,h12,12,24,1,0.6597714197586433,0.8373152436359252,10,10
64,16,patch41,40,22.0,2.0,1024,h13,13,24,2,0.7085408072228281,0.8815012744799301,10,10
64,16,patch41,40,22.0,2.0,1024,h14,14,24,3,0.7554599507781151,0.8455981261814015,10,10
64,16,patch41,40,22.0,2.0,1024,h15,15,24,4,0.6993011565118203,0.7715724309599841,10,10
64,16,patch42,41,22.0,6.0,1024,h0,0,21,5,0.7370345649982589,0.722322469993414,10,10
64,16,patch42,41,22.0,6.0,1024,h1,1,21,6,0.6478010726649808,0.6804004799685324,10,10
64,16,patch42,41,22.0,6.0,1024,h2,2,21,7,0.5649847382327265,0.672876219206825,10,10
64,16,patch42,41,22.0,6.0,1024,h3,3,21,8,0.5742197313666376,0.6366062956518778,10,10
64,16,patch42,41,22.0,6.0,1024,h4,4,22,5,0.7387027358652264,0.787430151479949,10,10
64,16,patch42,41,22.0,6.0,1024,h5,5,22,6,0.6573335022200317,0.7442482865003942,10,10
64,16,patch42,41,22.0,6.0,1024,h6,6,22,7,0.6204778026226775,0.7043428400869266,10,10
64,16,patch42,41,22.0,6.0,1024,h7,7,22,8,0.5265797664852965,0.7277946344860852,10,10
64,16,patch42,41,22.0,6.0,1024,h8,8,23,5,0.7686242335034833,0.7938756994969022,10,10
64,16,patch42,41,22.0,6.0,1024,h9,9,23,6,0.6677907004226509,0.7640289374670391,10,10
64,16,patch42,41,22.0,6.0,1024,h10,10,23,7,0.5762376739922904,0.7356351957009019,10,10
64,16,patch42,41,22.0,6.0,1024,h11,11,23,8,0.6163614316864751,0.7971730057522958,10,10
64,16,patch42,41,22.0,6.0,1024,h12,12,24,5,0.6819238335084201,0.780140195798263,10,10
64,16,patch42,41,22.0,6.0,1024,h13,13,24,6,0.6284390608125834,0.7940209371651962,10,10
64,16,patch42,41,22.0,6.0,1024,h14,14,24,7,0.5195789254128969,0.8111832942632874,10,10
64,16,patch42,41,22.0,6.0,1024,h15,15,24,8,0.5501932153134751,0.8182136427473464,10,10
64,16,patch43,42,22.0,10.0,1024,h0,0,21,9,0.6185149902146603,0.6270921619318368,10,10
64,16,patch43,42,22.0,10.0,1024,h1,1,21,10,0.5606108331566882,0.5620491211747447,10,10
64,16,patch43,42,22.0,10.0,1024,h2,2,21,11,0.5693641345144159,0.5765403165961905,10,10
64,16,patch43,42,22.0,10.0,1024,h3,3,21,12,0.5410475079216129,0.5297848504341757,10,10
64,16,patch43,42,22.0,10.0,1024,h4,4,22,9,0.5431905723992139,0.6852251821127997,10,10
64,16,patch43,42,22.0,10.0,1024,h5,5,22,10,0.584812334973133,0.6433017331920383,10,10
64,16,patch43,42,22.0,10.0,1024,h6,6,22,11,0.5729606803847176,0.6240115354229061,10,10
64,16,patch43,42,22.0,10.0,1024,h7,7,22,12,0.5299982252692588,0.6450749613049152,10,10
64,16,patch43,42,22.0,10.0,1024,h8,8,23,9,0.5967754969014757,0.7570159798801015,10,10
64,16,patch43,42,22.0,10.0,1024,h9,9,23,10,0.5544626745168199,0.6635222407157457,10,10
64,16,patch43,42,22.0,10.0,1024,h10,10,23,11,0.6871341284043923,0.6199596870953616,10,10
64,16,patch43,42,22.0,10.0,1024,h11,11,23,12,0.551582559037028,0.6536541521130823,10,10
64,16,patch43,42,22.0,10.0,1024,h12,12,24,9,0.6678564708857896,0.7707043879775548,10,10
64,16,patch43,42,22.0,10.0,1024,h13,13,24,10,0.5842681979667549,0.6813230078177555,10,10
64,16,patch43,42,22.0,10.0,1024,h14,14,24,11,0.6785439469544888,0.6847962412130293,10,10
64,16,patch43,42,22.0,10.0,1024,h15,15,24,12,0.646316324589692,0.7605645799570236,10,10
64,16,patch44,43,22.0,14.0,1024,h0,0,21,13,0.5408477091915246,0.5492380086980101,10,10
64,16,patch44,43,22.0,14.0,1024,h1,1,21,14,0.463877569940058,0.5584269338547027,10,10
64,16,patch44,43,22.0,14.0,1024,h2,2,21,15,0.5464036716330637,0.5461277338461853,10,10
64,16,patch44,43,22.0,14.0,1024,h3,3,21,16,0.4899052825366337,0.4344089558593643,10,10
64,16,patch44,43,22.0,14.0,1024,h4,4,22,13,0.6332454172653256,0.5906306639955076,10,10
64,16,patch44,43,22.0,14.0,1024,h5,5,22,14,0.4910912428596615,0.5819002479965442,10,10
64,16,patch44,43,22.0,14.0,1024,h6,6,22,15,0.4843938375909774,0.559425518180872,10,10
64,16,patch44,43,22.0,14.0,1024,h7,7,22,16,0.5047837928960478,0.5128554478930268,10,10
64,16,patch44,43,22.0,14.0,1024,h8,8,23,13,0.5697470880355666,0.6364578068068241,10,10
64,16,patch44,43,22.0,14.0,1024,h9,9,23,14,0.5778616474172285,0.620972156427672,10,10
64,16,patch44,43,22.0,14.0,1024,h10,10,23,15,0.4647059703241641,0.5877257723455858,10,10
64,16,patch44,43,22.0,14.0,1024,h11,11,23,16,0.4812219057414382,0.5449654454934466,10,10
64,16,patch44,43,22.0,14.0,1024,h12,12,24,13,0.5478659128417264,0.7212454527959838,10,10
64,16,patch44,43,22.0,14.0,1024,h13,13,24,14,0.541861830179779,0.6342770568142537,10,10
64,16,patch44,43,22.0,14.0,1024,h14,14,24,15,0.4985611078612845,0.5604535906231861,10,10
64,16,patch44,43,22.0,14.0,1024,h15,15,24,16,0.4936259142511684,0.5635667414137862,10,10
64,16,patch45,44,22.0,18.0,1024,h0,0,21,17,0.4418152397534852,0.4440641572985664,10,10
64,16,patch45,44,22.0,18.0,1024,h1,1,21,18,0.569678099920723,0.516145047863106,10,10
64,16,patch45,44,22.0,18.0,1024,h2,2,21,19,0.4495269332448183,0.573574954306803,10,10
64,16,patch45,44,22.0,18.0,1024,h3,3,21,20,0.4996403694237975,0.5451052874432906,10,10
64,16,patch45,44,22.0,18.0,1024,h4,4,22,17,0.3883683083505904,0.5354462796306759,10,10
64,16,patch45,44,22.0,18.0,1024,h5,5,22,18,0.4703906592117323,0.609201594557664,10,10
64,16,patch45,44,22.0,18.0,1024,h6,6,22,19,0.4723860375904747,0.6435951225666457,10,10
64,16,patch45,44,22.0,18.0,1024,h7,7,22,20,0.5380619359921337,0.5906748065940286,10,10
64,16,patch45,44,22.0,18.0,1024,h8,8,23,17,0.4445324904394584,0.551918532472005,10,10
64,16,patch45,44,22.0,18.0,1024,h9,9,23,18,0.506685297383027,0.6357480768870845,10,10
64,16,patch45,44,22.0,18.0,1024,h10,10,23,19,0.4670216450516443,0.6416810687943542,10,10
64,16,patch45,44,22.0,18.0,1024,h11,11,23,20,0.5469986901229349,0.6111315202171385,10,10
64,16,patch45,44,22.0,18.0,1024,h12,12,24,17,0.4549227852530583,0.5942086085399861,10,10
64,16,patch45,44,22.0,18.0,1024,h13,13,24,18,0.5777471899051027,0.6792034163437057,10,10
64,16,patch45,44,22.0,18.0,1024,h14,14,24,19,0.523913584443494,0.6381308215569288,10,10
64,16,patch45,44,22.0,18.0,1024,h15,15,24,20,0.5579947899031461,0.6117852645070109,10,10
64,16,patch46,45,22.0,22.0,1024,h0,0,21,21,0.535535987889054,0.5654151822909521,10,10
64,16,patch46,45,22.0,22.0,1024,h1,1,21,22,0.4928103031640599,0.5063155597847274,10,10
64,16,patch46,45,22.0,22.0,1024,h2,2,21,23,0.4472831964700634,0.5090073172680628,10,10
64,16,patch46,45,22.0,22.0,1024,h3,3,21,24,0.48208510809868,0.5537640337536404,10,10
64,16,patch46,45,22.0,22.0,1024,h4,4,22,21,0.5437337932922867,0.5767969333539148,10,10
64,16,patch46,45,22.0,22.0,1024,h5,5,22,22,0.5513295133828581,0.552323788570546,10,10
64,16,patch46,45,22.0,22.0,1024,h6,6,22,23,0.5120952726379525,0.5472431928860961,10,10
64,16,patch46,45,22.0,22.0,1024,h7,7,22,24,0.486918188916692,0.5266540388884454,10,10
64,16,patch46,45,22.0,22.0,1024,h8,8,23,21,0.5493455688815203,0.5968286581163301,10,10
64,16,patch46,45,22.0,22.0,1024,h9,9,23,22,0.4724400219749991,0.5738943457609942,10,10
64,16,patch46,45,22.0,22.0,1024,h10,10,23,23,0.4963385501135006,0.5468821180814594,10,10
64,16,patch46,45,22.0,22.0,1024,h11,11,23,24,0.5021793652266859,0.5629276496283524,10,10
64,16,patch46,45,22.0,22.0,1024,h12,12,24,21,0.5984096471187418,0.6014219060323299,10,10
64,16,patch46,45,22.0,22.0,1024,h13,13,24,22,0.5470481438126125,0.6544779272382673,10,10
64,16,patch46,45,22.0,22.0,1024,h14,14,24,23,0.4867619464229104,0.6042741543413052,10,10
64,16,patch46,45,22.0,22.0,1024,h15,15,24,24,0.5255360892478376,0.6061358347234606,10,10
64,16,patch47,46,22.0,26.0,1024,h0,0,21,25,0.4441864109996415,0.5747726833839256,10,10
64,16,patch47,46,22.0,26.0,1024,h1,1,21,26,0.3887777409428523,0.4938447692716468,10,10
64,16,patch47,46,22.0,26.0,1024,h2,2,21,27,0.4520519204773834,0.5029786334220566,10,10
64,16,patch47,46,22.0,26.0,1024,h3,3,21,28,0.437514176376239,0.5424890285013418,10,10
64,16,patch47,46,22.0,26.0,1024,h4,4,22,25,0.4751539195038546,0.4881700528472737,10,10
64,16,patch47,46,22.0,26.0,1024,h5,5,22,26,0.4616345511006706,0.4232049609031468,10,10
64,16,patch47,46,22.0,26.0,1024,h6,6,22,27,0.4846835986329415,0.4774575350724558,10,10
64,16,patch47,46,22.0,26.0,1024,h7,7,22,28,0.4899115630646504,0.5377637223875728,10,10
64,16,patch47,46,22.0,26.0,1024,h8,8,23,25,0.4722477553355847,0.5132320975386759,10,10
64,16,patch47,46,22.0,26.0,1024,h9,9,23,26,0.4382794171084379,0.4739479047608641,10,10
64,16,patch47,46,22.0,26.0,1024,h10,10,23,27,0.5114308429806472,0.5248188378102998,10,10
64,16,patch47,46,22.0,26.0,1024,h11,11,23,28,0.4636983273135205,0.5743775068307729,10,10
64,16,patch47,46,22.0,26.0,1024,h12,12,24,25,0.4815378951948987,0.5599553509127227,10,10
64,16,patch47,46,22.0,26.0,1024,h13,13,24,26,0.4180429440951132,0.537977720670719,10,10
64,16,patch47,46,22.0,26.0,1024,h14,14,24,27,0.4851106261119297,0.5219591287086142,10,10
64,16,patch47,46,22.0,26.0,1024,h15,15,24,28,0.484803956596623,0.5741802923978186,10,10
64,16,patch48,47,22.0,30.0,1024,h0,0,21,29,0.4507975752416649,0.5905851638021552,10,10
64,16,patch48,47,22.0,30.0,1024,h1,1,21,30,0.4417011830191065,0.6252095529804672,10,10
64,16,patch48,47,22.0,30.0,1024,h2,2,21,31,0.4049496467493537,0.6114561389263433,10,10
64,16,patch48,47,22.0,30.0,1024,h3,3,21,32,0.318346825305252,0.5546904417989736,10,10
64,16,patch48,47,22.0,30.0,1024,h4,4,22,29,0.5116402860579442,0.5718234162288883,10,10
64,16,patch48,47,22.0,30.0,1024,h5,5,22,30,0.4573668301683647,0.5794590811233391,10,10
64,16,patch48,47,22.0,30.0,1024,h6,6,22,31,0.4041841732479345,0.6409421740728083,10,10
64,16,patch48,47,22.0,30.0,1024,h7,7,22,32,0.3282039569749995,0.5939930782182165,10,10
64,16,patch48,47,22.0,30.0,1024,h8,8,23,29,0.4916728267932249,0.5486915598793266,10,10
64,16,patch48,47,22.0,30.0,1024,h9,9,23,30,0.4936711061773563,0.5476398369862993,10,10
64,16,patch48,47,22.0,30.0,1024,h10,10,23,31,0.4260864647244032,0.5986699855617288,10,10
64,16,patch48,47,22.0,30.0,1024,h11,11,23,32,0.3114239080105059,0.5990045578962268,10,10
64,16,patch48,47,22.0,30.0,1024,h12,12,24,29,0.5136480285107682,0.5331616083847631,10,10
64,16,patch48,47,22.0,30.0,1024,h13,13,24,30,0.4963275241455284,0.5338057805112569,10,10
64,16,patch48,47,22.0,30.0,1024,h14,14,24,31,0.4865908890631029,0.5747347465631877,10,10
64,16,patch48,47,22.0,30.0,1024,h15,15,24,32,0.3526999838902989,0.6400266778155653,10,10
64,16,patch49,48,26.0,2.0,1024,h0,0,25,1,0.6261832030000198,0.8287626197812265,10,10
64,16,patch49,48,26.0,2.0,1024,h1,1,25,2,0.6648274779879958,0.8626031761325418,10,10
64,16,patch49,48,26.0,2.0,1024,h2,2,25,3,0.7309035419963162,0.8523742098132306,10,10
64,16,patch49,48,26.0,2.0,1024,h3,3,25,4,0.6662452190574776,0.7582946382195228,10,10
64,16,patch49,48,26.0,2.0,1024,h4,4,26,1,0.571009220478968,0.8421150687706052,10,10
64,16,patch49,48,26.0,2.0,1024,h5,5,26,2,0.6131174221492337,0.9,10,10
64,16,patch49,48,26.0,2.0,1024,h6,6,26,3,0.6182331627126223,0.8259055777110654,10,10
64,16,patch49,48,26.0,2.0,1024,h7,7,26,4,0.6532505486989731,0.7627454830062295,10,10
64,16,patch49,48,26.0,2.0,1024,h8,8,27,1,0.4903225607985186,0.8244875834710015,10,10
64,16,patch49,48,26.0,2.0,1024,h9,9,27,2,0.5769960868261529,0.8043943186595496,10,10
64,16,patch49,48,26.0,2.0,1024,h10,10,27,3,0.59655450984464,0.6906973157105936,10,10
64,16,patch49,48,26.0,2.0,1024,h11,11,27,4,0.6129389539522232,0.6785018353162706,10,10
64,16,patch49,48,26.0,2.0,1024,h12,12,28,1,0.502681689563289,0.7946832144495044,10,10
64,16,patch49,48,26.0,2.0,1024,h13,13,28,2,0.5675279389051341,0.7809745586099054,10,10
64,16,patch49,48,26.0,2.0,1024,h14,14,28,3,0.6333639264924031,0.7285474091441768,10,10
64,16,patch49,48,26.0,2.0,1024,h15,15,28,4,0.6368713475472126,0.6989523873340611,10,10
64,16,patch50,49,26.0,6.0,1024,h0,0,25,5,0.5961729223323753,0.8175117648924325,10,10
64,16,patch50,49,26.0,6.0,1024,h1,1,25,6,0.5573735248752628,0.8011943252871118,10,10
64,16,patch50,49,26.0,6.0,1024,h2,2,25,7,0.5021102911538858,0.7928483495022944,10,10
64,16,patch50,49,26.0,6.0,1024,h3,3,25,8,0.4807935025478463,0.765494479247121,10,10
64,16,patch50,49,26.0,6.0,1024,h4,4,26,5,0.6418561061188078,0.7791719518301126,10,10
64,16,patch50,49,26.0,6.0,1024,h5,5,26,6,0.5788993991985628,0.8128564053869278,10,10
64,16,patch50,49,26.0,6.0,1024,h6,6,26,7,0.5284296713056372,0.7867092424823524,10,10
64,16,patch50,49,26.0,6.0,1024,h7,7,26,8,0.5179763074154058,0.785945063824805,10,10
64,16,patch50,49,26.0,6.0,1024,h8,8,27,5,0.5889796117339073,0.7510436668432798,10,10
64,16,patch50,49,26.0,6.0,1024,h9,9,27,6,0.5699961875469399,0.8138907933833992,10,10
64,16,patch50,49,26.0,6.0,1024,h10,10,27,7,0.4557689583264673,0.783464008679434,10,10
64,16,patch50,49,26.0,6.0,1024,h11,11,27,8,0.448230223204067,0.8185198934370489,10,10
64,16,patch50,49,26.0,6.0,1024,h12,12,28,5,0.5253669974591125,0.7586360639752181,10,10
64,16,patch50,49,26.0,6.0,1024,h13,13,28,6,0.5419024741289,0.7987560426011596,10,10
64,16,patch50,49,26.0,6.0,1024,h14,14,28,7,0.4206446193141575,0.7571770888093664,10,10
64,16,patch50,49,26.0,6.0,1024,h15,15,28,8,0.3912728098951391,0.7859219966933167,10,10
64,16,patch51,50,26.0,10.0,1024,h0,0,25,9,0.5959695368617294,0.7588727049701116,10,10
64,16,patch51,50,26.0,10.0,1024,h1,1,25,10,0.6060279619437003,0.6692567272290141,10,10
64,16,patch51,50,26.0,10.0,1024,h2,2,25,11,0.6283879824215592,0.6994265002542502,10,10
64,16,patch51,50,26.0,10.0,1024,h3,3,25,12,0.6284072459277946,0.7056120283848967,10,10
64,16,patch51,50,26.0,10.0,1024,h4,4,26,9,0.530614868284134,0.7366162847697295,10,10
64,16,patch51,50,26.0,10.0,1024,h5,5,26,10,0.523339822798818,0.6648425445802676,10,10
64,16,patch51,50,26.0,10.0,1024,h6,6,26,11,0.6316865780966382,0.7003794944318009,10,10
64,16,patch51,50,26.0,10.0,1024,h7,7,26,12,0.5939252725983779,0.7177749474062067,10,10
64,16,patch51,50,26.0,10.0,1024,h8,8,27,9,0.5147026291355837,0.7844033335135865,10,10
64,16,patch51,50,26.0,10.0,1024,h9,9,27,10,0.4325805195285962,0.7793781611475062,10,10
64,16,patch51,50,26.0,10.0,1024,h10,10,27,11,0.5288728041963578,0.7676836487015569,10,10
64,16,patch51,50,26.0,10.0,1024,h11,11,27,12,0.5811320596454851,0.7791837624942142,10,10
64,16,patch51,50,26.0,10.0,1024,h12,12,28,9,0.4911394067505652,0.819182711951182,10,10
64,16,patch51,50,26.0,10.0,1024,h13,13,28,10,0.4965452185294962,0.8014684886620004,10,10
64,16,patch51,50,26.0,10.0,1024,h14,14,28,11,0.4814604636908729,0.7378331697745895,10,10
64,16,patch51,50,26.0,10.0,1024,h15,15,28,12,0.5399991466583522,0.7345607694294547,10,10
64,16,patch52,51,26.0,14.0,1024,h0,0,25,13,0.6001242462627233,0.6490945672661803,10,10
64,16,patch52,51,26.0,14.0,1024,h1,1,25,14,0.5261235370186462,0.5891614379866023,10,10
64,16,patch52,51,26.0,14.0,1024,h2,2,25,15,0.4397948382775121,0.6406537229742852,10,10
64,16,patch52,51,26.0,14.0,1024,h3,3,25,16,0.4666506519705256,0.6697809950952419,10,10
64,16,patch52,51,26.0,14.0,1024,h4,4,26,13,0.576880416118596,0.6962881798354302,10,10
64,16,patch52,51,26.0,14.0,1024,h5,5,26,14,0.610760005530595,0.6439989580600922,10,10
64,16,patch52,51,26.0,14.0,1024,h6,6,26,15,0.4492362167224224,0.7036987757985658,10,10
64,16,patch52,51,26.0,14.0,1024,h7,7,26,16,0.3903913643636258,0.6978413646780677,10,10
64,16,patch52,51,26.0,14.0,1024,h8,8,27,13,0.504894596038901,0.6756566602506273,10,10
64,16,patch52,51,26.0,14.0,1024,h9,9,27,14,0.4951114691449485,0.6071614420856237,10,10
64,16,patch52,51,26.0,14.0,1024,h10,10,27,15,0.4909182235328793,0.6597696032323415,10,10
64,16,patch52,51,26.0,14.0,1024,h11,11,27,16,0.3326161077829408,0.6768298191088953,10,10
64,16,patch52,51,26.0,14.0,1024,h12,12,28,13,0.5238623463435665,0.6659658407625326,10,10
64,16,patch52,51,26.0,14.0,1024,h13,13,28,14,0.3937575255809949,0.6713690978083837,10,10
64,16,patch52,51,26.0,14.0,1024,h14,14,28,15,0.424035401771453,0.7048010694510087,10,10
64,16,patch52,51,26.0,14.0,1024,h15,15,28,16,0.3435519586016936,0.7109235556889416,10,10
64,16,patch53,52,26.0,18.0,1024,h0,0,25,17,0.409624140913172,0.6979258114651411,10,10
64,16,patch53,52,26.0,18.0,1024,h1,1,25,18,0.4520161924365138,0.7368157924518554,10,10
64,16,patch53,52,26.0,18.0,1024,h2,2,25,19,0.5497241237286373,0.6930818026027309,10,10
64,16,patch53,52,26.0,18.0,1024,h3,3,25,20,0.5440882461164122,0.6469076254611761,10,10
64,16,patch53,52,26.0,18.0,1024,h4,4,26,17,0.4370845212724586,0.6860745945577529,10,10
64,16,patch53,52,26.0,18.0,1024,h5,5,26,18,0.3986891418535516,0.6873964925462781,10,10
64,16,patch53,52,26.0,18.0,1024,h6,6,26,19,0.4632027181015014,0.7179065578080465,10,10
64,16,patch53,52,26.0,18.0,1024,h7,7,26,20,0.5598157667417392,0.6550505551159369,10,10
64,16,patch53,52,26.0,18.0,1024,h8,8,27,17,0.4050560579667345,0.6502483567418836,10,10
64,16,patch53,52,26.0,18.0,1024,h9,9,27,18,0.4290465889189947,0.6496177112033268,10,10
64,16,patch53,52,26.0,18.0,1024,h10,10,27,19,0.4615517309347153,0.6863750547466088,10,10
64,16,patch53,52,26.0,18.0,1024,h11,11,27,20,0.5431680234934272,0.6598782207708467,10,10
64,16,patch53,52,26.0,18.0,1024,h12,12,28,17,0.3673379581820807,0.6371567447892206,10,10
64,16,patch53,52,26.0,18.0,1024,h13,13,28,18,0.4059499735701815,0.6345127891375139,10,10
64,16,patch53,52,26.0,18.0,1024,h14,14,28,19,0.4295250075428583,0.6675366469422197,10,10
64,16,patch53,52,26.0,18.0,1024,h15,15,28,20,0.4858477187360639,0.6857156417773732,10,10
64,16,patch54,53,26.0,22.0,1024,h0,0,25,21,0.5655640418817243,0.6730368679056224,10,10
64,16,patch54,53,26.0,22.0,1024,h1,1,25,22,0.5921615129307991,0.6737654175152545,10,10
64,16,patch54,53,26.0,22.0,1024,h2,2,25,23,0.5339597551690728,0.5927561717825512,10,10
64,16,patch54,53,26.0,22.0,1024,h3,3,25,24,0.5079159616305681,0.5407561751388241,10,10
64,16,patch54,53,26.0,22.0,1024,h4,4,26,21,0.5424633200652463,0.6639038559194461,10,10
64,16,patch54,53,26.0,22.0,1024,h5,5,26,22,0.5515482960061061,0.6525386013031447,10,10
64,16,patch54,53,26.0,22.0,1024,h6,6,26,23,0.4823406021016031,0.5877762138922131,10,10
64,16,patch54,53,26.0,22.0,1024,h7,7,26,24,0.4827657844571267,0.5643470384231105,10,10
64,16,patch54,53,26.0,22.0,1024,h8,8,27,21,0.5552295251025561,0.6809681542554672,10,10
64,16,patch54,53,26.0,22.0,1024,h9,9,27,22,0.548083053207966,0.6917744189795358,10,10
64,16,patch54,53,26.0,22.0,1024,h10,10,27,23,0.4768174409199599,0.6741297083693762,10,10
64,16,patch54,53,26.0,22.0,1024,h11,11,27,24,0.4961756467399548,0.6692684084377065,10,10
64,16,patch54,53,26.0,22.0,1024,h12,12,28,21,0.4633643186897984,0.6764306726521051,10,10
64,16,patch54,53,26.0,22.0,1024,h13,13,28,22,0.5320096348904877,0.6927048629418298,10,10
64,16,patch54,53,26.0,22.0,1024,h14,14,28,23,0.4907086697585217,0.6677981672412543,10,10
64,16,patch54,53,26.0,22.0,1024,h15,15,28,24,0.529941416311587,0.7136124780406705,10,10
64,16,patch55,54,26.0,26.0,1024,h0,0,25,25,0.4769809410209417,0.5461514380833201,10,10
64,16,patch55,54,26.0,26.0,1024,h1,1,25,26,0.4421062270146243,0.5868785591062363,10,10
64,16,patch55,54,26.0,26.0,1024,h2,2,25,27,0.4714384125026803,0.587873963560109,10,10
64,16,patch55,54,26.0,26.0,1024,h3,3,25,28,0.4580515454639283,0.6160117181101019,10,10
64,16,patch55,54,26.0,26.0,1024,h4,4,26,25,0.4279822924938181,0.6608993750913534,10,10
64,16,patch55,54,26.0,26.0,1024,h5,5,26,26,0.4252684895403583,0.6792004866055168,10,10
64,16,patch55,54,26.0,26.0,1024,h6,6,26,27,0.5247449675157974,0.6382729979109738,10,10
64,16,patch55,54,26.0,26.0,1024,h7,7,26,28,0.5100324467361816,0.6159539656954808,10,10
64,16,patch55,54,26.0,26.0,1024,h8,8,27,25,0.4730877797599365,0.741371784588833,10,10
64,16,patch55,54,26.0,26.0,1024,h9,9,27,26,0.4666729476345138,0.7267586213620205,10,10
64,16,patch55,54,26.0,26.0,1024,h10,10,27,27,0.5490099926119626,0.6845835743440282,10,10
64,16,patch55,54,26.0,26.0,1024,h11,11,27,28,0.6132709040501523,0.6551836355273702,10,10
64,16,patch55,54,26.0,26.0,1024,h12,12,28,25,0.5215745680239995,0.7848206909693815,10,10
64,16,patch55,54,26.0,26.0,1024,h13,13,28,26,0.5309803636138922,0.8074566902839134,10,10
64,16,patch55,54,26.0,26.0,1024,h14,14,28,27,0.5228717571978113,0.7282836760402599,10,10
64,16,patch55,54,26.0,26.0,1024,h15,15,28,28,0.5583514545382373,0.7341856061320867,10,10
64,16,patch56,55,26.0,30.0,1024,h0,0,25,29,0.5465437687372301,0.6162317239364008,10,10
64,16,patch56,55,26.0,30.0,1024,h1,1,25,30,0.5341300835569479,0.6289209956658425,10,10
64,16,patch56,55,26.0,30.0,1024,h2,2,25,31,0.4721716592173696,0.6741669072266239,10,10
64,16,patch56,55,26.0,30.0,1024,h3,3,25,32,0.4458426505621188,0.7180461955428138,10,10
64,16,patch56,55,26.0,30.0,1024,h4,4,26,29,0.5292298048085322,0.6182274184819943,10,10
64,16,patch56,55,26.0,30.0,1024,h5,5,26,30,0.5516495882113635,0.6510892536576489,10,10
64,16,patch56,55,26.0,30.0,1024,h6,6,26,31,0.4211419151924814,0.7161646565662391,10,10
64,16,patch56,55,26.0,30.0,1024,h7,7,26,32,0.3571239009985371,0.7066866432788503,10,10
64,16,patch56,55,26.0,30.0,1024,h8,8,27,29,0.5943635461942225,0.6924133644177246,10,10
64,16,patch56,55,26.0,30.0,1024,h9,9,27,30,0.581034420824176,0.710564309566534,10,10
64,16,patch56,55,26.0,30.0,1024,h10,10,27,31,0.5287661746463799,0.7790794880322561,10,10
64,16,patch56,55,26.0,30.0,1024,h11,11,27,32,0.4254639807554062,0.7632650598941043,10,10
64,16,patch56,55,26.0,30.0,1024,h12,12,28,29,0.6024382268512647,0.7662878077002847,10,10
64,16,patch56,55,26.0,30.0,1024,h13,13,28,30,0.5473130584168271,0.7547082315401735,10,10
64,16,patch56,55,26.0,30.0,1024,h14,14,28,31,0.5308761273467244,0.7724358438302961,10,10
64,16,patch56,55,26.0,30.0,1024,h15,15,28,32,0.5238752417437412,0.8069954483556304,10,10
64,16,patch57,56,30.0,2.0,1024,h0,0,29,1,0.4406818271006291,0.8318398151085781,10,10
64,16,patch57,56,30.0,2.0,1024,h1,1,29,2,0.5645432929234085,0.7880106131145093,10,10
64,16,patch57,56,30.0,2.0,1024,h2,2,29,3,0.5879572823374167,0.757701416694782,10,10
64,16,patch57,56,30.0,2.0,1024,h3,3,29,4,0.6507941664359244,0.689065250956063,10,10
64,16,patch57,56,30.0,2.0,1024,h4,4,30,1,0.3710501486173563,0.7197925518207018,10,10
64,16,patch57,56,30.0,2.0,1024,h5,5,30,2,0.4964693811332655,0.6852434218205801,10,10
64,16,patch57,56,30.0,2.0,1024,h6,6,30,3,0.5174189779795765,0.6986285718313994,10,10
64,16,patch57,56,30.0,2.0,1024,h7,7,30,4,0.4983857639698567,0.7019696217760387,10,10
64,16,patch57,56,30.0,2.0,1024,h8,8,31,1,0.377456476130627,0.6455045837862772,10,10
64,16,patch57,56,30.0,2.0,1024,h9,9,31,2,0.3974731648167945,0.6519009325028052,10,10
64,16,patch57,56,30.0,2.0,1024,h10,10,31,3,0.4675431317973431,0.6747995728632902,10,10
64,16,patch57,56,30.0,2.0,1024,h11,11,31,4,0.4532217045101473,0.7092273022635854,10,10
64,16,patch57,56,30.0,2.0,1024,h12,12,32,1,0.3724759602138132,0.6533554501897413,10,10
64,16,patch57,56,30.0,2.0,1024,h13,13,32,2,0.3495994629955457,0.6402119710903978,10,10
64,16,patch57,56,30.0,2.0,1024,h14,14,32,3,0.3311848219577175,0.6207978037176674,10,10
64,16,patch57,56,30.0,2.0,1024,h15,15,32,4,0.3924242698954162,0.6459248625866276,10,10
64,16,patch58,57,30.0,6.0,1024,h0,0,29,5,0.5374445805443154,0.7147702494958972,10,10
64,16,patch58,57,30.0,6.0,1024,h1,1,29,6,0.4419165518111794,0.7527312427921861,10,10
64,16,patch58,57,30.0,6.0,1024,h2,2,29,7,0.3915920533142295,0.7704986860410824,10,10
64,16,patch58,57,30.0,6.0,1024,h3,3,29,8,0.4060171533966848,0.7560497127123181,10,10
64,16,patch58,57,30.0,6.0,1024,h4,4,30,5,0.532646584373197,0.7297352280317394,10,10
64,16,patch58,57,30.0,6.0,1024,h5,5,30,6,0.4651167409249097,0.7881031757110266,10,10
64,16,patch58,57,30.0,6.0,1024,h6,6,30,7,0.3671613734985559,0.7899785522075659,10,10
64,16,patch58,57,30.0,6.0,1024,h7,7,30,8,0.4373067682444598,0.7656157228476208,10,10
64,16,patch58,57,30.0,6.0,1024,h8,8,31,5,0.4219616398982135,0.7062421755991916,10,10
64,16,patch58,57,30.0,6.0,1024,h9,9,31,6,0.5192591495685338,0.7773430852874166,10,10
64,16,patch58,57,30.0,6.0,1024,h10,10,31,7,0.4309240446924401,0.8054671384586289,10,10
64,16,patch58,57,30.0,6.0,1024,h11,11,31,8,0.3988217541109653,0.8195919788684036,10,10
64,16,patch58,57,30.0,6.0,1024,h12,12,32,5,0.3634525539652276,0.6512978287625395,10,10
64,16,patch58,57,30.0,6.0,1024,h13,13,32,6,0.3615386915858745,0.7529782108328145,10,10
64,16,patch58,57,30.0,6.0,1024,h14,14,32,7,0.4019610743196838,0.7830532857648417,10,10
64,16,patch58,57,30.0,6.0,1024,h15,15,32,8,0.4050589045463005,0.8235333191542161,10,10
64,16,patch59,58,30.0,10.0,1024,h0,0,29,9,0.4211891123334117,0.7791944430680632,10,10
64,16,patch59,58,30.0,10.0,1024,h1,1,29,10,0.4469618277042649,0.7525147897977056,10,10
64,16,patch59,58,30.0,10.0,1024,h2,2,29,11,0.5171438608923477,0.709996914383702,10,10
64,16,patch59,58,30.0,10.0,1024,h3,3,29,12,0.4531790149925622,0.7298120078336043,10,10
64,16,patch59,58,30.0,10.0,1024,h4,4,30,9,0.4406664693194161,0.8031832964718473,10,10
64,16,patch59,58,30.0,10.0,1024,h5,5,30,10,0.3772427142179082,0.7694105819321598,10,10
64,16,patch59,58,30.0,10.0,1024,h6,6,30,11,0.464647534424582,0.7315781952176237,10,10
64,16,patch59,58,30.0,10.0,1024,h7,7,30,12,0.4639374413590832,0.7106619451670547,10,10
64,16,patch59,58,30.0,10.0,1024,h8,8,31,9,0.458412395552252,0.8477654189272286,10,10
64,16,patch59,58,30.0,10.0,1024,h9,9,31,10,0.4201830079459326,0.8126904106028906,10,10
64,16,patch59,58,30.0,10.0,1024,h10,10,31,11,0.3933045725652678,0.7279797473276421,10,10
64,16,patch59,58,30.0,10.0,1024,h11,11,31,12,0.4667777359922053,0.7542138083762819,10,10
64,16,patch59,58,30.0,10.0,1024,h12,12,32,9,0.3732139461447077,0.8369201222999412,10,10
64,16,patch59,58,30.0,10.0,1024,h13,13,32,10,0.3799348747875857,0.836817142596841,10,10
64,16,patch59,58,30.0,10.0,1024,h14,14,32,11,0.396291116123685,0.7645395791650984,10,10
64,16,patch59,58,30.0,10.0,1024,h15,15,32,12,0.3690459924416122,0.8209680256749283,10,10
64,16,patch60,59,30.0,14.0,1024,h0,0,29,13,0.4899626648010809,0.7259848972818527,10,10
64,16,patch60,59,30.0,14.0,1024,h1,1,29,14,0.469818982258113,0.7344319156384103,10,10
64,16,patch60,59,30.0,14.0,1024,h2,2,29,15,0.4652232306611673,0.7480484176652584,10,10
64,16,patch60,59,30.0,14.0,1024,h3,3,29,16,0.4143896093511063,0.71421672531696,10,10
64,16,patch60,59,30.0,14.0,1024,h4,4,30,13,0.4463510314136254,0.7273394310232603,10,10
64,16,patch60,59,30.0,14.0,1024,h5,5,30,14,0.4435436627684741,0.7035980620981395,10,10
64,16,patch60,59,30.0,14.0,1024,h6,6,30,15,0.5073280948727285,0.7504183122760097,10,10
64,16,patch60,59,30.0,14.0,1024,h7,7,30,16,0.3956880496583518,0.7542006701183193,10,10
64,16,patch60,59,30.0,14.0,1024,h8,8,31,13,0.5261100598631242,0.7955688333901558,10,10
64,16,patch60,59,30.0,14.0,1024,h9,9,31,14,0.4650768761178773,0.8012910419543113,10,10
64,16,patch60,59,30.0,14.0,1024,h10,10,31,15,0.5316067721502473,0.8214203199297094,10,10
64,16,patch60,59,30.0,14.0,1024,h11,11,31,16,0.4642329573163061,0.8149451523503988,10,10
64,16,patch60,59,30.0,14.0,1024,h12,12,32,13,0.4753058906320556,0.8600729768214267,10,10
64,16,patch60,59,30.0,14.0,1024,h13,13,32,14,0.502927683352075,0.8432494539052742,10,10
64,16,patch60,59,30.0,14.0,1024,h14,14,32,15,0.4744966260077932,0.7810142079600432,10,10
64,16,patch60,59,30.0,14.0,1024,h15,15,32,16,0.4981826443775535,0.8047225713428103,10,10
64,16,patch61,60,30.0,18.0,1024,h0,0,29,17,0.4568973862919683,0.6622507367886661,10,10
64,16,patch61,60,30.0,18.0,1024,h1,1,29,18,0.4495405560956579,0.7065012109519028,10,10
64,16,patch61,60,30.0,18.0,1024,h2,2,29,19,0.3786912194491986,0.7392590456084895,10,10
64,16,patch61,60,30.0,18.0,1024,h3,3,29,20,0.4784913746749573,0.7427714919374194,10,10
64,16,patch61,60,30.0,18.0,1024,h4,4,30,17,0.4296972619629945,0.7395856490042462,10,10
64,16,patch61,60,30.0,18.0,1024,h5,5,30,18,0.508806372107239,0.751164508191226,10,10
64,16,patch61,60,30.0,18.0,1024,h6,6,30,19,0.3602650545858512,0.8155258722854531,10,10
64,16,patch61,60,30.0,18.0,1024,h7,7,30,20,0.4368872312888705,0.7632052921347646,10,10
64,16,patch61,60,30.0,18.0,1024,h8,8,31,17,0.3675374098587683,0.7723176640693522,10,10
64,16,patch61,60,30.0,18.0,1024,h9,9,31,18,0.4372725218446122,0.790658878239729,10,10
64,16,patch61,60,30.0,18.0,1024,h10,10,31,19,0.3648979336489826,0.8663781546460806,10,10
64,16,patch61,60,30.0,18.0,1024,h11,11,31,20,0.4385269812538984,0.8564192204558961,10,10
64,16,patch61,60,30.0,18.0,1024,h12,12,32,17,0.4374791630586757,0.7916768877937275,10,10
64,16,patch61,60,30.0,18.0,1024,h13,13,32,18,0.4304116972126368,0.8209537297259287,10,10
64,16,patch61,60,30.0,18.0,1024,h14,14,32,19,0.3543274144609963,0.8475367839686339,10,10
64,16,patch61,60,30.0,18.0,1024,h15,15,32,20,0.4037000782656698,0.8374736090364471,10,10
64,16,patch62,61,30.0,22.0,1024,h0,0,29,21,0.4013533079200415,0.6960708161859946,10,10
64,16,patch62,61,30.0,22.0,1024,h1,1,29,22,0.4793729213915106,0.7564461198694604,10,10
64,16,patch62,61,30.0,22.0,1024,h2,2,29,23,0.5273570910635469,0.7642363185726492,10,10
64,16,patch62,61,30.0,22.0,1024,h3,3,29,24,0.5782708777010116,0.8335558419276956,10,10
64,16,patch62,61,30.0,22.0,1024,h4,4,30,21,0.4302684891424649,0.7618551717485287,10,10
64,16,patch62,61,30.0,22.0,1024,h5,5,30,22,0.4406081229376739,0.8052135022594473,10,10
64,16,patch62,61,30.0,22.0,1024,h6,6,30,23,0.4947846820026891,0.8389344999266081,10,10
64,16,patch62,61,30.0,22.0,1024,h7,7,30,24,0.5402023434791555,0.8203170311885557,10,10
64,16,patch62,61,30.0,22.0,1024,h8,8,31,21,0.4623586047158383,0.8258773713406062,10,10
64,16,patch62,61,30.0,22.0,1024,h9,9,31,22,0.4583789551128733,0.8578276911152093,10,10
64,16,patch62,61,30.0,22.0,1024,h10,10,31,23,0.4984095756994057,0.8767350013553347,10,10
64,16,patch62,61,30.0,22.0,1024,h11,11,31,24,0.49893918134672,0.855618280356868,10,10
64,16,patch62,61,30.0,22.0,1024,h12,12,32,21,0.4494971215732973,0.8017499426870874,10,10
64,16,patch62,61,30.0,22.0,1024,h13,13,32,22,0.4587724442082687,0.8300986996781407,10,10
64,16,patch62,61,30.0,22.0,1024,h14,14,32,23,0.5252046731664265,0.862397874641636,10,10
64,16,patch62,61,30.0,22.0,1024,h15,15,32,24,0.5922102022780389,0.8359273334034503,10,10
64,16,patch63,62,30.0,26.0,1024,h0,0,29,25,0.5643945710469408,0.8849600246927817,10,10
64,16,patch63,62,30.0,26.0,1024,h1,1,29,26,0.580851875411297,0.8488290701132991,10,10
64,16,patch63,62,30.0,26.0,1024,h2,2,29,27,0.6010558847344711,0.7431782151780865,10,10
64,16,patch63,62,30.0,26.0,1024,h3,3,29,28,0.5598869249850583,0.7843151852217715,10,10
64,16,patch63,62,30.0,26.0,1024,h4,4,30,25,0.5374638231838772,0.8413121971284278,10,10
64,16,patch63,62,30.0,26.0,1024,h5,5,30,26,0.5527117051066771,0.8414281989920541,10,10
64,16,patch63,62,30.0,26.0,1024,h6,6,30,27,0.582937549415876,0.7909389287412526,10,10
64,16,patch63,62,30.0,26.0,1024,h7,7,30,28,0.6298383421325727,0.8062460675504531,10,10
64,16,patch63,62,30.0,26.0,1024,h8,8,31,25,0.4885790125194521,0.8856901978400706,10,10
64,16,patch63,62,30.0,26.0,1024,h9,9,31,26,0.5394633710398477,0.8562881059977704,10,10
64,16,patch63,62,30.0,26.0,1024,h10,10,31,27,0.5647693679248186,0.8052835333478304,10,10
64,16,patch63,62,30.0,26.0,1024,h11,11,31,28,0.616926204606571,0.7754233271129042,10,10
64,16,patch63,62,30.0,26.0,1024,h12,12,32,25,0.5337245126154431,0.8294267482029655,10,10
64,16,patch63,62,30.0,26.0,1024,h13,13,32,26,0.6097607340548021,0.7900054597790821,10,10
64,16,patch63,62,30.0,26.0,1024,h14,14,32,27,0.6557433279641035,0.7380560974904656,10,10
64,16,patch63,62,30.0,26.0,1024,h15,15,32,28,0.6031662343981691,0.763642944209303,10,10
64,16,patch64,63,30.0,30.0,1024,h0,0,29,29,0.5526651140178421,0.8336130806122196,10,10
64,16,patch64,63,30.0,30.0,1024,h1,1,29,30,0.5777811093092677,0.8428017739267893,10,10
64,16,patch64,63,30.0,30.0,1024,h2,2,29,31,0.5616923533708449,0.7955055186359815,10,10
64,16,patch64,63,30.0,30.0,1024,h3,3,29,32,0.4761070620221644,0.8345516306720087,10,10
64,16,patch64,63,30.0,30.0,1024,h4,4,30,29,0.6347577053889077,0.8396094636096595,10,10
64,16,patch64,63,30.0,30.0,1024,h5,5,30,30,0.5742019054495702,0.8154639571165779,10,10
64,16,patch64,63,30.0,30.0,1024,h6,6,30,31,0.6389306271968287,0.752365502796059,10,10
64,16,patch64,63,30.0,30.0,1024,h7,7,30,32,0.4977377831061549,0.798566181265681,10,10
64,16,patch64,63,30.0,30.0,1024,h8,8,31,29,0.6996867975817703,0.7954094294269759,10,10
64,16,patch64,63,30.0,30.0,1024,h9,9,31,30,0.5465688128345554,0.7839468824095007,10,10
64,16,patch64,63,30.0,30.0,1024,h10,10,31,31,0.5730371277144539,0.7958161183151007,10,10
64,16,patch64,63,30.0,30.0,1024,h11,11,31,32,0.5582225816767861,0.8462468665527638,10,10
64,16,patch64,63,30.0,30.0,1024,h12,12,32,29,0.684650571993093,0.8296372865318122,10,10
64,16,patch64,63,30.0,30.0,1024,h13,13,32,30,0.6339596378519119,0.770981970952683,10,10
64,16,patch64,63,30.0,30.0,1024,h14,14,32,31,0.5772876397893429,0.7901674134899281,10,10
64,16,patch64,63,30.0,30.0,1024,h15,15,32,32,0.5758102976278432,0.8092323379055538,10,10
